,Term,Attr Score
0,heart,100.0
1,aortic_arch,54.0
2,congenital,29.0
3,collateral,28.0
4,heart_disease,25.0
5,portal_vein,24.0
6,right_ventricle,18.0
7,repair,13.0
8,globe,13.0
9,obstructed,12.0
10,narrowing,8.0
11,obstruction,8.0
12,origin,5.0
13,versus,0.0
14,shoulder_girdle,0.0
15,oligemia,0.0
16,olfactory_groove,0.0
17,restrictive,0.0
18,smooth_muscle_tumor,0.0
19,retina,0.0
20,myxoid_liposarcoma,0.0
21,temperature,0.0
22,mucinous,0.0
23,horseshoe_kidney,0.0
24,monteggia_fracture,0.0
25,organ_system,0.0
26,skeletal_survey,0.0
27,infant,0.0
28,atlas,0.0
29,hirschsprung_disease,0.0
30,venous_flow,0.0
31,diaphyseal_fracture,0.0
32,hypoenhancing,0.0
33,shadowing,0.0
34,rounded,0.0
35,nasopharynx,0.0
36,duodenum,0.0
37,cutaneous,0.0
38,arteriovenous_malformation,0.0
39,incomplete_lissencephaly,0.0
40,graft,0.0
41,melanotic_schwannoma,0.0
42,reported,0.0
43,ultrasonography,0.0
44,cardiac_apex,0.0
45,viable,0.0
46,clubbing,0.0
47,axillary_artery,0.0
48,aspiration_of_fluid,0.0
49,posterior_vertebral_scalloping,0.0
50,gallbladder_wall,0.0
51,hypo,0.0
52,expiration,0.0
53,female_urethra,0.0
54,solitary_bone_cyst,0.0
55,sacrum,0.0
56,parenteral,0.0
57,pulmonary_hemorrhage,0.0
58,dysphagia,0.0
59,hilum,0.0
60,radial,0.0
61,serous_sac,0.0
62,sprengel_deformity,0.0
63,solid_and_papillary_epithelial_neoplasm,0.0
64,basilar_artery,0.0
65,axial_plane,0.0
66,oral_cavity,0.0
67,portable,0.0
68,pia_mater,0.0
69,diameter,0.0
70,susceptibility_artifact,0.0
71,epiglottitis,0.0
72,distended,0.0
73,healed,0.0
74,aerated,0.0
75,quadriceps_muscle,0.0
76,alignment,0.0
77,articular_cartilage,0.0
78,bearing,0.0
79,intramedullary_space,0.0
80,hepatitis,0.0
81,hypertrophy,0.0
82,smooth,0.0
83,graft_versus_host_disease,0.0
84,mitral_valve,0.0
85,fetal_hydrops,0.0
86,t2_hyperintensity,0.0
87,encephalomalacia,0.0
88,left_superior_intercostal_vein,0.0
89,monoarticular,0.0
90,partial_anomalous_pulmonary_venous_return,0.0
91,synthetic_graft,0.0
92,right_lateral_ventricle,0.0
93,satisfactory,0.0
94,sporadic,0.0
95,middle_cerebral_artery,0.0
96,retropharyngeal_space,0.0
97,small_intestine,0.0
98,probable,0.0
99,chemo,0.0
100,ground_glass_attenuation,0.0
101,t2,0.0
102,deltoid,0.0
103,staghorn_calculus,0.0
104,thyroid_cancer,0.0
105,polyarticular,0.0
106,sacral_region,0.0
107,mullerian_duct_cyst,0.0
108,inspiration,0.0
109,intravenous,0.0
110,larsen,0.0
111,hemangioma,0.0
112,longitudinal,0.0
113,demyelination,0.0
114,lymphatic_duct,0.0
115,abdominal_wall,0.0
116,orbital_pseudotumor,0.0
117,toddler_fracture,0.0
118,enterostomy,0.0
119,pericardium,0.0
120,caudate_nucleus,0.0
121,tunnel_view,0.0
122,beak_sign,0.0
123,high_risk,0.0
124,right_clavicle,0.0
125,ossification,0.0
126,intrapericardial,0.0
127,atherosclerosis,0.0
128,port,0.0
129,transverse_ligament,0.0
130,endotracheal,0.0
131,chemical_shift_artifact,0.0
132,barium,0.0
133,patellar_apex,0.0
134,neurocutaneous_syndrome,0.0
135,second_toe,0.0
136,lucent,0.0
137,treatment,0.0
138,ununited,0.0
139,at_rest,0.0
140,small_joint,0.0
141,sacral_nerve,0.0
142,thoracic_cavity,0.0
143,bursa,0.0
144,motor_cortex,0.0
145,meningocele,0.0
146,skeletal_system,0.0
147,nasoenteric_feeding_tube,0.0
148,ptosis,0.0
149,calcifications,0.0
150,calyx,0.0
151,regeneration,0.0
152,intraabdominal,0.0
153,inguinal_canal,0.0
154,disease_progression,0.0
155,infusion,0.0
156,paraovarian,0.0
157,osteolytic,0.0
158,oblique_view,0.0
159,vascularity,0.0
160,corrected,0.0
161,thrombus,0.0
162,lower_abdomen,0.0
163,lymphangiectasia,0.0
164,perineuroma,0.0
165,interstitial_disease,0.0
166,lymphangioma,0.0
167,specimen,0.0
168,gluteus_maximus,0.0
169,right_vastus_lateralis,0.0
170,pneumonia,0.0
171,anterior_commissure,0.0
172,vagina,0.0
173,contusion,0.0
174,detrusor,0.0
175,tumor_board_presentation_by_dr,0.0
176,homogeneous,0.0
177,long_bone,0.0
178,arcuate,0.0
179,lacunar,0.0
180,right_semimembranosus,0.0
181,codman_triangle,0.0
182,wine_stain,0.0
183,degenerative_disk_disease,0.0
184,contracture,0.0
185,abducens_nerve,0.0
186,clavicle,0.0
187,dtpa,0.0
188,intraarticular_fracture,0.0
189,cavoatrial,0.0
190,sinus_tract,0.0
191,first_finger,0.0
192,cervical_vertebral_body,0.0
193,endometrial_cavity,0.0
194,double_wall_sign,0.0
195,craniosynostosis,0.0
196,newborn,0.0
197,endoscopic,0.0
198,tc,0.0
199,malrotation,0.0
200,neutral,0.0
201,elevated,0.0
202,multidetector,0.0
203,diaphragm,0.0
204,hematoma,0.0
205,perivascular,0.0
206,inferior_abdominal_wall,0.0
207,cardiovascular_system,0.0
208,descending_aorta,0.0
209,intramural,0.0
210,spr2006,0.0
211,lungs,0.0
212,inferior_pubic_ramus,0.0
213,dysgerminoma,0.0
214,diaphysis,0.0
215,narrowed,0.0
216,appendicular_skeleton,0.0
217,bicipital_tuberosity,0.0
218,achondroplasia,0.0
219,arteries,0.0
220,subfalcine_herniation,0.0
221,sartorius,0.0
222,suspicious,0.0
223,incomplete,0.0
224,fractured,0.0
225,density,0.0
226,first_digit,0.0
227,hyoid_bone,0.0
228,malignancy,0.0
229,aspiration_of_water,0.0
230,clustered,0.0
231,floor,0.0
232,umbilical_arterial_catheter,0.0
233,tunica_albuginea,0.0
234,cranial,0.0
235,cul,0.0
236,invagination,0.0
237,subtalar_joint,0.0
238,cecum,0.0
239,disappearance,0.0
240,interstitium,0.0
241,kikuchi_disease,0.0
242,mucopolysaccharidosis,0.0
243,spondylolisthesis,0.0
244,buccal,0.0
245,lymphadenopathy,0.0
246,oxycephaly,0.0
247,parotid_gland,0.0
248,subarachnoid_hemorrhage,0.0
249,crohn_disease,0.0
250,chondrolysis,0.0
251,pneumatocele,0.0
252,consult,0.0
253,adjacent,0.0
254,axilla,0.0
255,dura_mater,0.0
256,carpal_tunnel,0.0
257,micronodular,0.0
258,intermediate_signal_intensity,0.0
259,interatrial_septum,0.0
260,urography,0.0
261,dissection,0.0
262,early_arterial_phase,0.0
263,serous,0.0
264,lateral_rotation,0.0
265,echo_time,0.0
266,cerebellar_white_matter,0.0
267,choroid_plexus_carcinoma,0.0
268,superficial_femoral_artery,0.0
269,fat_suppression,0.0
270,pyonephrosis,0.0
271,epidural_anesthesia,0.0
272,hard_palate,0.0
273,foregut,0.0
274,mixed_echogenicity,0.0
275,acetabular_fossa,0.0
276,adrenal_gland,0.0
277,septated,0.0
278,scheuermann_disease,0.0
279,partially,0.0
280,olecranon_process,0.0
281,gi_bleed,0.0
282,thromboembolism,0.0
283,enhancement_pattern,0.0
284,claw_hand,0.0
285,finger,0.0
286,t2_weighted,0.0
287,femoral_head,0.0
288,atypical_teratoid_rhabdoid_tumor,0.0
289,segment_of_aorta,0.0
290,pericardial_effusion,0.0
291,common_carotid_artery,0.0
292,stomach,0.0
293,vas_deferens,0.0
294,sclerosing_osteomyelitis,0.0
295,femoral_vein,0.0
296,click_here_for_video_of_mri_images,0.0
297,carotid_arteries,0.0
298,discoid,0.0
299,contrast,0.0
300,hyperflexion,0.0
301,acromegaly,0.0
302,antegrade,0.0
303,low_dose,0.0
304,intracavitary,0.0
305,ethmoid_sinus,0.0
306,contrast_agent,0.0
307,ovarian_stroma,0.0
308,septal,0.0
309,diffuse_idiopathic_skeletal_hyperostosis,0.0
310,anastomosis,0.0
311,post_contrast,0.0
312,round_window,0.0
313,meniscal_cyst,0.0
314,suppression,0.0
315,guillain,0.0
316,definite,0.0
317,intraperitoneal,0.0
318,right_heart_failure,0.0
319,bilateral,0.0
320,thickening,0.0
321,autoimmune_disease,0.0
322,dermatomyositis,0.0
323,adult,0.0
324,osteopetrosis,0.0
325,gastrocnemius_muscle,0.0
326,fingers,0.0
327,external,0.0
328,minor,0.0
329,embryonal_carcinoma,0.0
330,lobulated,0.0
331,transpleural,0.0
332,minimal,0.0
333,occipital_cortex,0.0
334,fibular_collateral_ligament,0.0
335,spasm,0.0
336,serpentine,0.0
337,hypointensity,0.0
338,preoperative,0.0
339,trochlear_groove,0.0
340,polycystic_kidney_disease,0.0
341,eroded,0.0
342,talocalcaneal_joint,0.0
343,antrum,0.0
344,haustra,0.0
345,hypoglycemia,0.0
346,transurethral,0.0
347,average,0.0
348,whirlpool,0.0
349,anteater_sign,0.0
350,parapharyngeal_space,0.0
351,ischemic,0.0
352,fluoro,0.0
353,utricle,0.0
354,laryngeal_cartilage,0.0
355,isoechoic,0.0
356,opacity,0.0
357,rectus_femoris_muscle,0.0
358,grey_matter,0.0
359,fracture_dislocation,0.0
360,transplacental,0.0
361,noncalcified,0.0
362,letterer,0.0
363,l2_vertebral_body,0.0
364,abdomen,0.0
365,continuous_diaphragm_sign,0.0
366,myositis,0.0
367,necrotizing_fasciitis,0.0
368,high_resolution,0.0
369,sepsis,0.0
370,radical,0.0
371,obstructive_jaundice,0.0
372,medial_malleolus,0.0
373,partial,0.0
374,polypoid,0.0
375,posterior_urethral_valve,0.0
376,cervical_ribs,0.0
377,hemoperitoneum,0.0
378,overuse,0.0
379,pachygyria,0.0
380,verumontanum,0.0
381,diverticulitis,0.0
382,hypovascular,0.0
383,exudate,0.0
384,paracolic_gutters,0.0
385,anterior_urethra,0.0
386,metallic,0.0
387,centrum_semiovale,0.0
388,pinna,0.0
389,choroid,0.0
390,displacement,0.0
391,left_scapula,0.0
392,retracted,0.0
393,heterogeneous_enhancement,0.0
394,venous_malformation,0.0
395,superior_pubic_ramus,0.0
396,distal_epiphysis,0.0
397,ureter,0.0
398,complication,0.0
399,cystic_disease,0.0
400,lipid,0.0
401,lambdoid_suture,0.0
402,occlusive,0.0
403,pheochromocytoma,0.0
404,decubitus,0.0
405,pharyngeal_pouch,0.0
406,left_optic_nerve,0.0
407,anterior,0.0
408,tenth,0.0
409,bacterial_infection,0.0
410,lordotic,0.0
411,raised_intracranial_pressure,0.0
412,bone_graft,0.0
413,oligodendroglioma,0.0
414,beam_hardening_artifact,0.0
415,99m_mdp,0.0
416,chyle,0.0
417,magnetic_resonance_imaging,0.0
418,hurler_syndrome,0.0
419,lung_parenchyma,0.0
420,left_paraspinal_line,0.0
421,procedure,0.0
422,brachial_plexus,0.0
423,gastroesophageal_junction,0.0
424,guidance,0.0
425,metabolic_bone_disease,0.0
426,fourth_digit,0.0
427,eyelid,0.0
428,child_abuse,0.0
429,diffuse,0.0
430,polymicrogyria,0.0
431,lacrimal_bone,0.0
432,paraaortic,0.0
433,left_knee,0.0
434,frontal_sinus,0.0
435,torcular_herophili,0.0
436,fissure,0.0
437,lupus,0.0
438,radiopaque,0.0
439,restricted_diffusion,0.0
440,extended,0.0
441,uterine_horn,0.0
442,epithelium,0.0
443,abortion,0.0
444,side_effect,0.0
445,consolidated,0.0
446,empty_delta_sign,0.0
447,transection,0.0
448,gallstone_ileus,0.0
449,axial_skeleton,0.0
450,boutonniere_deformity,0.0
451,muscularis,0.0
452,diastolic_flow,0.0
453,anechoic,0.0
454,left_superior_frontal_gyrus,0.0
455,secretory,0.0
456,umbilical_venous_catheter,0.0
457,parietal_lobe,0.0
458,choledocholithiasis,0.0
459,vascular_anomaly,0.0
460,femoral,0.0
461,iliacus_muscle,0.0
462,cartilaginous_tissue,0.0
463,sufficient,0.0
464,sunburst_pattern,0.0
465,end_plate,0.0
466,terminal_ileum,0.0
467,diagnosis,0.0
468,gynecomastia,0.0
469,mylohyoid_muscle,0.0
470,suboptimal,0.0
471,congestive,0.0
472,resorption,0.0
473,myelofibrosis,0.0
474,atelectasis,0.0
475,weight_bearing,0.0
476,click_here_for_tumor_board_presentation_of_this_case,0.0
477,l2,0.0
478,adrenal_cortex,0.0
479,fracture,0.0
480,stellate,0.0
481,shunt,0.0
482,cerebrospinal_fluid,0.0
483,posterior_cerebral_artery,0.0
484,direct_extension,0.0
485,intrapulmonary,0.0
486,poisoning,0.0
487,brisk,0.0
488,hernia_through_foramen_of_morgagni,0.0
489,fine_linear,0.0
490,joubert_syndrome,0.0
491,uterine_adnexa,0.0
492,left_hemidiaphragm,0.0
493,cranial_base,0.0
494,arterial_system,0.0
495,ectasia,0.0
496,water_density,0.0
497,sylvian_fissure,0.0
498,ectopic_kidney,0.0
499,to,0.0
500,heart_failure,0.0
501,keyhole,0.0
502,distal_tibia,0.0
503,union,0.0
504,angiomyolipoma,0.0
505,lower_extremity,0.0
506,germ_cell_neoplasm,0.0
507,left_thyroid_lobe,0.0
508,extraaxial,0.0
509,aponeurosis,0.0
510,second_digit,0.0
511,acetabular_labrum,0.0
512,phlebitis,0.0
513,fourth,0.0
514,lateral_cuneiform,0.0
515,intradural_space,0.0
516,rheumatoid,0.0
517,velocity,0.0
518,leg_length,0.0
519,mitral_valve_regurgitation,0.0
520,tomography,0.0
521,costophrenic_angle,0.0
522,lytic,0.0
523,cuboid,0.0
524,volvulus,0.0
525,hernia_through_foramen_of_bochdalek,0.0
526,retroversion,0.0
527,sling,0.0
528,transposition_of_great_vessels,0.0
529,interstitial_emphysema,0.0
530,porta_hepatis,0.0
531,osteitis,0.0
532,pleural_cavity,0.0
533,interspinous_ligament,0.0
534,subpleural_region,0.0
535,seronegative_spondyloarthropathy,0.0
536,well,0.0
537,femoral_artery,0.0
538,dyke,0.0
539,lateral_horn,0.0
540,pineocytoma,0.0
541,fibrolipoma,0.0
542,tooth,0.0
543,probably,0.0
544,granuloma,0.0
545,csf_flow,0.0
546,lingual_tonsil,0.0
547,peritoneal_cavity,0.0
548,carpal_bone,0.0
549,extramedullary_hematopoiesis,0.0
550,carina,0.0
551,hepatoma,0.0
552,abdominal_cavity,0.0
553,fibrous,0.0
554,rheumatoid_nodule,0.0
555,mature_teratoma,0.0
556,suprasellar,0.0
557,tissue,0.0
558,up,0.0
559,pharynx,0.0
560,shortness_of_breath,0.0
561,great_cerebral_vein,0.0
562,medullary_nephrocalcinosis,0.0
563,please_click_here_for_link_to_tapvr_quicktime_movie,0.0
564,cystic_partially_differentiated_nephroblastoma,0.0
565,poorly,0.0
566,anteroinferior_iliac_spine,0.0
567,little_finger,0.0
568,posterolateral,0.0
569,sharp,0.0
570,radiation_enteritis,0.0
571,click_here_for_the_tumor_board_presentation_and_discussion,0.0
572,transverse_mesocolon,0.0
573,embryonal_cell_carcinoma,0.0
574,cruciate_ligament,0.0
575,lipoma,0.0
576,renal_medulla,0.0
577,renal_failure,0.0
578,ureteral_reimplantation,0.0
579,hemangiopericytoma,0.0
580,pars_interarticularis,0.0
581,cortical_bone,0.0
582,asymptomatic,0.0
583,genitourinary_system,0.0
584,appendicitis,0.0
585,maximum,0.0
586,tendon_sheath,0.0
587,ligament_of_treitz,0.0
588,_images_1,0.0
589,transplanted_organ,0.0
590,common_femoral_artery,0.0
591,topical,0.0
592,lipomatosis,0.0
593,sialodochitis,0.0
594,anastomotic_leak,0.0
595,splenic_vein,0.0
596,gastric_bypass,0.0
597,cisterna_magna,0.0
598,splenic_flexure,0.0
599,degeneration,0.0
600,pseudo,0.0
601,asymmetry,0.0
602,subependymal_giant_cell_astrocytoma,0.0
603,hydrocele,0.0
604,neurofibromatosis_type_1,0.0
605,sella_turcica,0.0
606,dislocation,0.0
607,cochlear_implant,0.0
608,osteochondroma,0.0
609,typhlitis,0.0
610,imaging_modality,0.0
611,supine,0.0
612,pulmonary_edema,0.0
613,hepatic_vein,0.0
614,pulmonic_valve,0.0
615,arteritis,0.0
616,ventriculitis,0.0
617,uterine_didelphys,0.0
618,sixth,0.0
619,presacral_space,0.0
620,forefoot,0.0
621,sella,0.0
622,septal_defect,0.0
623,parallel,0.0
624,pancreatoblastoma,0.0
625,supraclavicular_lymph_node,0.0
626,white_matter_of_left_frontal_lobe,0.0
627,place,0.0
628,amygdala,0.0
629,assessment,0.0
630,fontan_procedure,0.0
631,phosphorus,0.0
632,azygos_continuation,0.0
633,hodgkin_lymphoma,0.0
634,cochlea,0.0
635,lymphosarcoma,0.0
636,internal_auditory_canal,0.0
637,lateral_recess,0.0
638,left_main_bronchus,0.0
639,hindgut,0.0
640,transverse_process,0.0
641,submucosal,0.0
642,melanoma,0.0
643,pedunculated,0.0
644,pleural_effusion,0.0
645,femoral_diaphysis,0.0
646,enteric_nervous_system,0.0
647,hepatocellular_carcinoma,0.0
648,lamina,0.0
649,insufficient,0.0
650,inguinal_region,0.0
651,barre_syndrome,0.0
652,geographic,0.0
653,neoplasma,0.0
654,multilocular,0.0
655,wrist,0.0
656,sunrise_view,0.0
657,membranous_urethra,0.0
658,rhabdomyosarcoma,0.0
659,mandibular_rami,0.0
660,transarterial,0.0
661,sturge,0.0
662,chondroid,0.0
663,intravascular,0.0
664,ring_finger,0.0
665,thrombophlebitis,0.0
666,oropharyngeal,0.0
667,carbon,0.0
668,peritoneum,0.0
669,leakage,0.0
670,navel,0.0
671,intratesticular,0.0
672,hyperbilirubinemia,0.0
673,wegener_granulomatosis,0.0
674,weight,0.0
675,chondromalacia,0.0
676,hemangioblastoma,0.0
677,healing,0.0
678,tuber_cinereum,0.0
679,adenitis,0.0
680,hypotension,0.0
681,anterior_tibial_tubercle,0.0
682,apophysitis,0.0
683,pulsatile,0.0
684,ground,0.0
685,block_vertebra,0.0
686,sickle_cell_disease,0.0
687,caroli_disease,0.0
688,infectious_arthritis,0.0
689,esophagus,0.0
690,grayscale_ultrasound,0.0
691,lateral_rectus_muscle,0.0
692,vestibule,0.0
693,pallidum,0.0
694,mesenchymal_hamartoma,0.0
695,definitely,0.0
696,choledochal_cyst,0.0
697,redistribution,0.0
698,retinopathy_of_prematurity,0.0
699,gray_matter,0.0
700,lymphoproliferative_disorder,0.0
701,seminal_vesicle,0.0
702,berry_aneurysm,0.0
703,fatty,0.0
704,almost_certainly,0.0
705,hepatic_encephalopathy,0.0
706,hammer,0.0
707,symptomatic,0.0
708,deep_vein_thrombosis,0.0
709,interstitial_lung_disease,0.0
710,median,0.0
711,ossified,0.0
712,right_temporal_lobe,0.0
713,otitis,0.0
714,acute_abdomen,0.0
715,subperiosteal_space,0.0
716,involution,0.0
717,thalassemia,0.0
718,renal_lobe,0.0
719,liver_disease,0.0
720,proteinuria,0.0
721,angio,0.0
722,central_nervous_system,0.0
723,second,0.0
724,round_mass,0.0
725,cervical_spine,0.0
726,left_renal_artery,0.0
727,oval_window,0.0
728,missile,0.0
729,transplant,0.0
730,uterine_artery,0.0
731,congenital_stenosis,0.0
732,rings_and_arcs,0.0
733,synovial_osteochondromatosis,0.0
734,facet_joint,0.0
735,vertebral_artery,0.0
736,retrolisthesis,0.0
737,upper_limb,0.0
738,infarction,0.0
739,fibrosis,0.0
740,sinuses,0.0
741,frontal_projection,0.0
742,regurgitation,0.0
743,mr_imaging,0.0
744,sclera,0.0
745,cystitis_glandularis,0.0
746,perineum,0.0
747,route_of_administration,0.0
748,renal_hilum,0.0
749,non,0.0
750,medial_tibial_spine,0.0
751,beaded,0.0
752,hypervascular,0.0
753,facial_bones,0.0
754,cherubism,0.0
755,decussation,0.0
756,iliopsoas,0.0
757,pancreatic_ducts,0.0
758,fibroid,0.0
759,whole_body,0.0
760,hemithorax,0.0
761,chest,0.0
762,philtrum,0.0
763,varus_deformity,0.0
764,nonbilious,0.0
765,glomus_tumor,0.0
766,intradural,0.0
767,noncommunicating_hydrocephalus,0.0
768,cesarean_section,0.0
769,c5_vertebra,0.0
770,chorion,0.0
771,medial_patellofemoral_ligament,0.0
772,vertebral_column,0.0
773,therapy,0.0
774,chest_wall,0.0
775,shifted,0.0
776,mixed_lytic_and_sclerotic,0.0
777,dystrophic,0.0
778,patellar_tendon,0.0
779,right_upper_lobe_bronchus,0.0
780,spondyloarthropathy,0.0
781,drainage,0.0
782,emphysema,0.0
783,pancreatic_tail,0.0
784,tendonitis,0.0
785,sialography,0.0
786,astrocytoma,0.0
787,mesencephalon,0.0
788,lead_poisoning,0.0
789,amyloidosis,0.0
790,diminished,0.0
791,pancake_kidney,0.0
792,amylase,0.0
793,cystography,0.0
794,hyaline_cartilage,0.0
795,humeral_epiphysis,0.0
796,aspergillosis,0.0
797,uterus,0.0
798,medial_meniscus,0.0
799,s1,0.0
800,juvenile_xanthogranuloma,0.0
801,gi_tract,0.0
802,left_hemiscrotum,0.0
803,babygram,0.0
804,visceral_pleura,0.0
805,gastric_fundus,0.0
806,l5,0.0
807,triple_phase,0.0
808,fifth_digit,0.0
809,quadriceps_tendon,0.0
810,right_kidney,0.0
811,meconium,0.0
812,spine,0.0
813,engorged,0.0
814,tongue,0.0
815,fusiform_aneurysm,0.0
816,fluoroscopy,0.0
817,small_bowel,0.0
818,gonadal_dysgenesis,0.0
819,t1,0.0
820,systemic_artery,0.0
821,scala_tympani,0.0
822,hemosiderosis,0.0
823,conus_medullaris,0.0
824,benign,0.0
825,atrial_septum,0.0
826,orbital_septum,0.0
827,margin,0.0
828,organ,0.0
829,synostosis,0.0
830,pharyngitis,0.0
831,sacroiliac_joint,0.0
832,fusiform,0.0
833,keratosis_obturans,0.0
834,seizure,0.0
835,intragastric,0.0
836,gaucher_disease,0.0
837,left_subclavian_artery,0.0
838,too_little,0.0
839,intense,0.0
840,anal_sphincter,0.0
841,neurenteric_cyst,0.0
842,focal,0.0
843,expanded,0.0
844,gastrointestinal_system,0.0
845,pathologic_fracture,0.0
846,endocardium,0.0
847,facial_nerve,0.0
848,ectopia,0.0
849,like,0.0
850,convex,0.0
851,not_seen,0.0
852,peritoneal_fluid,0.0
853,segment_of_colon,0.0
854,radiotherapy,0.0
855,skin_thickening,0.0
856,reversal_sign,0.0
857,aorta,0.0
858,uptake,0.0
859,goiter,0.0
860,cystitis,0.0
861,dental,0.0
862,buckle_fracture,0.0
863,infundibulum,0.0
864,thymic_cyst,0.0
865,villonodular_synovitis,0.0
866,olive,0.0
867,pituitary,0.0
868,anteroposterior_projection,0.0
869,needle,0.0
870,musculoskeletal_system,0.0
871,bile_duct,0.0
872,left_costophrenic_sulcus,0.0
873,subarachnoid_space,0.0
874,congenital_malformation,0.0
875,fracture_nonunion,0.0
876,designation,0.0
877,carotid_canal,0.0
878,fallopian_tubes,0.0
879,left_lateral_ventricle,0.0
880,cricoid_cartilage,0.0
881,routine,0.0
882,clitoris,0.0
883,standing,0.0
884,nuclear,0.0
885,posterior_interosseous_nerve,0.0
886,trachea,0.0
887,neonate,0.0
888,dissociation,0.0
889,left_parietal_lobe,0.0
890,ligament,0.0
891,germinoma,0.0
892,tumoral_calcinosis,0.0
893,arterial_flow,0.0
894,venous_thrombosis,0.0
895,clear_cell_carcinoma,0.0
896,peristalsis,0.0
897,temporal_bone,0.0
898,forearm,0.0
899,vertebral_body,0.0
900,rectum,0.0
901,left_frontal_lobe,0.0
902,enterography,0.0
903,osteoma,0.0
904,vertebra,0.0
905,paranasal_sinuses,0.0
906,basal_ganglia,0.0
907,radial_head,0.0
908,right_hippocampus,0.0
909,convexity,0.0
910,malignant_melanoma,0.0
911,greater_omentum,0.0
912,superior_rectus_muscle,0.0
913,hypoechoic,0.0
914,inferior_mesenteric_vein,0.0
915,radial_deviation,0.0
916,prostate,0.0
917,defined,0.0
918,septa,0.0
919,uncal_herniation,0.0
920,annulus_fibrosus,0.0
921,heterogenously_echogenic,0.0
922,skull_base,0.0
923,lymphangiectasis,0.0
924,right_frontal_lobe,0.0
925,fine_needle_aspiration,0.0
926,mixed_germ_cell_tumor,0.0
927,fixed,0.0
928,cingulate_gyrus,0.0
929,supraclinoid,0.0
930,serous_fluid,0.0
931,thalassaemia,0.0
932,ejection_fraction,0.0
933,kerley_lines,0.0
934,ablation,0.0
935,parathyroid_gland,0.0
936,renal_artery,0.0
937,parotid,0.0
938,orthogonal,0.0
939,regional,0.0
940,osteochondrosis,0.0
941,popcorn,0.0
942,subglottic_stenosis,0.0
943,posterior_fossa,0.0
944,arachnoiditis,0.0
945,occipital_region,0.0
946,click_here_for_cine_of_series_3,0.0
947,amorphous,0.0
948,concentric,0.0
949,prolapse,0.0
950,chance_fracture,0.0
951,shallow,0.0
952,right_side,0.0
953,mesenteritis,0.0
954,glioblastoma_multiforme,0.0
955,splenectomy,0.0
956,fibroma,0.0
957,injury,0.0
958,right_minor_fissure,0.0
959,air,0.0
960,porion,0.0
961,transtentorial_herniation,0.0
962,vomiting,0.0
963,progressive,0.0
964,right_lung,0.0
965,colloid_cyst,0.0
966,clinical_success,0.0
967,aneurysm,0.0
968,hernia,0.0
969,seronegative,0.0
970,delayed,0.0
971,biopsy,0.0
972,mucinous_cystadenoma,0.0
973,total_anomalous_pulmonary_venous_return,0.0
974,iatrogenic,0.0
975,platysma_muscle,0.0
976,enteric_ganglion,0.0
977,teratoma,0.0
978,occipital_lobe,0.0
979,amount,0.0
980,osteochondromatosis,0.0
981,indication,0.0
982,constipation,0.0
983,suprarenal,0.0
984,spinal_column,0.0
985,deformity,0.0
986,infection,0.0
987,harris_type_iv_fracture,0.0
988,neurohypophysis,0.0
989,thickened,0.0
990,loop_obstruction,0.0
991,frontal_bone,0.0
992,femoral_epiphysis,0.0
993,left_posterior_pararenal_space,0.0
994,sigmoid_sinus,0.0
995,embolus,0.0
996,epiphysis,0.0
997,on_a_stalk,0.0
998,popliteal_region,0.0
999,maxilla,0.0
1000,sheath,0.0
1001,strain,0.0
1002,axial_joint,0.0
1003,intervention,0.0
1004,side,0.0
1005,blind_pouch,0.0
1006,advanced,0.0
1007,tracheoesophageal_fistula,0.0
1008,disappeared,0.0
1009,pre,0.0
1010,ray,0.0
1011,intact,0.0
1012,mineralization,0.0
1013,castleman_disease,0.0
1014,aqueduct,0.0
1015,subdural,0.0
1016,urinary_tract,0.0
1017,lateral_collateral_ligament,0.0
1018,three_sign,0.0
1019,superior_mesenteric_vein,0.0
1020,asymmetrical,0.0
1021,midbrain,0.0
1022,retrobulbar,0.0
1023,groin,0.0
1024,germ_cell,0.0
1025,injection,0.0
1026,atresia,0.0
1027,subarachnoid,0.0
1028,osteolysis,0.0
1029,ferguson,0.0
1030,sphincterotomy,0.0
1031,decubitis,0.0
1032,center,0.0
1033,suction,0.0
1034,constricted,0.0
1035,left_hemithorax,0.0
1036,medullary_carcinoma,0.0
1037,upper_gi_series,0.0
1038,anterior_longitudinal_ligament,0.0
1039,green,0.0
1040,main_bronchus,0.0
1041,middle_ear_cavity,0.0
1042,joint_capsule,0.0
1043,dictated,0.0
1044,cystotomy,0.0
1045,effusion,0.0
1046,microlithiasis,0.0
1047,liquid,0.0
1048,motion,0.0
1049,review,0.0
1050,blood_vessels,0.0
1051,total,0.0
1052,feeding_artery,0.0
1053,intraspinal,0.0
1054,lateral_mass,0.0
1055,band_heterotopia,0.0
1056,cardiac_chamber,0.0
1057,dizziness,0.0
1058,unexpected_finding,0.0
1059,vessels,0.0
1060,appendicolith,0.0
1061,dilation,0.0
1062,blount_disease,0.0
1063,abdominal_musculature,0.0
1064,parotitis,0.0
1065,tumor_embolism,0.0
1066,madelung_deformity,0.0
1067,subluxation,0.0
1068,asplenia,0.0
1069,histiocytosis_x,0.0
1070,conjunctival,0.0
1071,parathyroid,0.0
1072,base_of_heart,0.0
1073,pneumopericardium,0.0
1074,isotropic,0.0
1075,transcatheter,0.0
1076,trunk,0.0
1077,motility,0.0
1078,right_scapula,0.0
1079,subdural_hematoma,0.0
1080,known,0.0
1081,tibia,0.0
1082,trisomy_18,0.0
1083,carpus,0.0
1084,equivocal,0.0
1085,punctate,0.0
1086,radius,0.0
1087,inflated,0.0
1088,fibula,0.0
1089,polymyositis,0.0
1090,bamboo_spine,0.0
1091,epigastric_region,0.0
1092,flattened,0.0
1093,right_lateral_decubitus_position,0.0
1094,epidermoid,0.0
1095,cranial_nerve_vi,0.0
1096,airway,0.0
1097,superior_orbital_fissure,0.0
1098,osteoblastoma,0.0
1099,jaundice,0.0
1100,eaten_pattern,0.0
1101,gas,0.0
1102,inversion_recovery,0.0
1103,transverse_sinus,0.0
1104,ossicle,0.0
1105,round,0.0
1106,sodium,0.0
1107,arytenoid_cartilage,0.0
1108,bladder,0.0
1109,paranasal_sinus,0.0
1110,pulmonary_blastoma,0.0
1111,myxoma,0.0
1112,endolymphatic_duct,0.0
1113,auricular_cartilage,0.0
1114,nodular_ganglioneuroblastoma,0.0
1115,decreased,0.0
1116,tarsal_navicular,0.0
1117,granulation_tissue,0.0
1118,endolymphatic_sac,0.0
1119,interhemispheric_fissure,0.0
1120,erect,0.0
1121,right_superior_pulmonary_vein,0.0
1122,serpiginous,0.0
1123,hip_joint,0.0
1124,dilated_cardiomyopathy,0.0
1125,projection,0.0
1126,hypertrophic_obstructive_cardiomyopathy,0.0
1127,ct,0.0
1128,prepared,0.0
1129,c3,0.0
1130,inferolateral,0.0
1131,upper_trunk,0.0
1132,osteomyelitis,0.0
1133,myocardium,0.0
1134,indolent,0.0
1135,suprascapular_nerve,0.0
1136,intraluminal,0.0
1137,multisystem_disorder,0.0
1138,lymph_node_enlargement,0.0
1139,epicardium,0.0
1140,indistinct,0.0
1141,posterior_tibial_tendon,0.0
1142,cystourethrography,0.0
1143,peptic_ulcer,0.0
1144,empyema,0.0
1145,unilocular,0.0
1146,symmetric,0.0
1147,gallstone,0.0
1148,osteoid_osteoma,0.0
1149,olecranon,0.0
1150,right_main_bronchus,0.0
1151,sternocleidomastoid_muscle,0.0
1152,sebum,0.0
1153,testicles,0.0
1154,legg,0.0
1155,para,0.0
1156,cementoma,0.0
1157,residual_disease,0.0
1158,excellent,0.0
1159,apophysis,0.0
1160,umbilical_vein,0.0
1161,medulla_oblongata,0.0
1162,compressed,0.0
1163,supine_position,0.0
1164,vasospasm,0.0
1165,phrenic_nerve,0.0
1166,thymic_sail_sign,0.0
1167,bony_labyrinth,0.0
1168,hypoglossal_canal,0.0
1169,epidural,0.0
1170,superior,0.0
1171,pulmonary_embolism,0.0
1172,vestibulocochlear_nerve,0.0
1173,scapular_body,0.0
1174,left_c,0.0
1175,achalasia,0.0
1176,glioma,0.0
1177,greater_sciatic_foramen,0.0
1178,unfused,0.0
1179,pancreatic_islet,0.0
1180,tarsal_bone,0.0
1181,spontaneous,0.0
1182,anterior_pararenal_space,0.0
1183,inhalation,0.0
1184,composition,0.0
1185,ventriculoperitoneal_shunt,0.0
1186,emphysematous,0.0
1187,hyperflexion_injury,0.0
1188,shoulder,0.0
1189,spinal_canal,0.0
1190,spinous_process,0.0
1191,descending_thoracic_aorta,0.0
1192,vertex,0.0
1193,neural_foramen,0.0
1194,caudal,0.0
1195,superolateral,0.0
1196,popliteus_muscle,0.0
1197,maybe,0.0
1198,pulmonary_artery,0.0
1199,adrenal_cortical_adenoma,0.0
1200,truncus,0.0
1201,left_inguinal_region,0.0
1202,endometriosis,0.0
1203,swallowing,0.0
1204,orchiectomy,0.0
1205,breast_mass,0.0
1206,endoleak,0.0
1207,restricted_motion,0.0
1208,computed_tomography,0.0
1209,left_pulmonary_artery,0.0
1210,papilloma,0.0
1211,bladder_neck,0.0
1212,coracoid_process,0.0
1213,seventh,0.0
1214,bilirubinemia,0.0
1215,pouch_of_douglas,0.0
1216,scaphocephaly,0.0
1217,hydromyelia,0.0
1218,carpometacarpal_joint,0.0
1219,tillaux_fracture,0.0
1220,right_renal_vein,0.0
1221,ureterovesical_junction,0.0
1222,bronchiolitis,0.0
1223,tortuous,0.0
1224,osteochondritis,0.0
1225,functional,0.0
1226,bourneville_disease,0.0
1227,thick,0.0
1228,cholangiography,0.0
1229,uncertain,0.0
1230,renal_pedicle,0.0
1231,popliteal_vein,0.0
1232,cavernous_sinus,0.0
1233,absence,0.0
1234,bulging_disc,0.0
1235,extradural_space,0.0
1236,hepatic_flexure,0.0
1237,idiopathic_intracranial_hypertension,0.0
1238,measurement,0.0
1239,ischemic_necrosis,0.0
1240,left_flank,0.0
1241,lunate_bone,0.0
1242,chemotherapy,0.0
1243,tarsal_coalition,0.0
1244,connective_tissue,0.0
1245,caseating,0.0
1246,patient_age,0.0
1247,duodenojejunal_junction,0.0
1248,infero,0.0
1249,meconium_ileus,0.0
1250,insignificant,0.0
1251,central,0.0
1252,scattered,0.0
1253,triangle_sign,0.0
1254,malignant_peripheral_nerve_sheath_tumor,0.0
1255,rhabdomyolysis,0.0
1256,lipoblastomatosis,0.0
1257,inferior_olivary_nucleus,0.0
1258,pancreatectomy,0.0
1259,too_much,0.0
1260,breast_cancer,0.0
1261,articular_capsule,0.0
1262,reticular_formation,0.0
1263,subdural_space,0.0
1264,interventricular_septum,0.0
1265,cervical_fascia,0.0
1266,mastoid,0.0
1267,order,0.0
1268,moth,0.0
1269,renovascular_hypertension,0.0
1270,medial_tubercle,0.0
1271,kawasaki_disease,0.0
1272,bilious,0.0
1273,incarcerated_hernia,0.0
1274,renal_agenesis,0.0
1275,herniorrhaphy,0.0
1276,ulnar,0.0
1277,umbilicus,0.0
1278,dens_fracture,0.0
1279,cleavage,0.0
1280,costal_cartilage,0.0
1281,synovial_cyst,0.0
1282,unilateral,0.0
1283,abscess,0.0
1284,erlenmeyer_flask_deformity,0.0
1285,sclerosis,0.0
1286,tubular_structure,0.0
1287,intraaxial,0.0
1288,middle_aortic_syndrome,0.0
1289,coronal_suture,0.0
1290,child,0.0
1291,nephropathy,0.0
1292,obscured,0.0
1293,turbulent_flow,0.0
1294,subcentimeter,0.0
1295,penis,0.0
1296,radiation_therapy,0.0
1297,calcification,0.0
1298,post,0.0
1299,forceps,0.0
1300,anaplastic_astrocytoma,0.0
1301,pineoblastoma,0.0
1302,infertility,0.0
1303,twin_pregnancy,0.0
1304,neurogenic_sarcoma,0.0
1305,peripheral,0.0
1306,proton_density,0.0
1307,superior_mesenteric_artery,0.0
1308,cystic_nephroma,0.0
1309,osteotomy,0.0
1310,renal_cyst,0.0
1311,fallen_fragment,0.0
1312,biliary,0.0
1313,trapezoid,0.0
1314,appendectomy,0.0
1315,osseous,0.0
1316,reticular,0.0
1317,early_onset,0.0
1318,hand,0.0
1319,lateral_tibial_plateau,0.0
1320,right_pulmonary_artery,0.0
1321,plasma_cell_granuloma,0.0
1322,relapsing_polychondritis,0.0
1323,border,0.0
1324,metopic_suture,0.0
1325,scoliosis,0.0
1326,atypical,0.0
1327,morgagni_hernia,0.0
1328,enteric_fistula,0.0
1329,uterine_fundus,0.0
1330,musculature,0.0
1331,kidney,0.0
1332,spin_echo,0.0
1333,veins,0.0
1334,right_cerebral_peduncle,0.0
1335,muscle_layer,0.0
1336,dolicocephaly,0.0
1337,septate,0.0
1338,intrahepatic_cholangiocarcinoma,0.0
1339,shear_injury,0.0
1340,retrolental_fibroplasia,0.0
1341,implant,0.0
1342,nasal_cavity,0.0
1343,choroid_plexus,0.0
1344,urinary_diversion,0.0
1345,foramen_cecum,0.0
1346,leiomyoma,0.0
1347,retraction,0.0
1348,pineal_gland,0.0
1349,t1_weighted,0.0
1350,ovoid,0.0
1351,clamp,0.0
1352,morquio_disease,0.0
1353,ileostomy,0.0
1354,medium,0.0
1355,lymph_node,0.0
1356,inferior,0.0
1357,area_of_enhancement,0.0
1358,contamination,0.0
1359,perilymphatic,0.0
1360,left_shunt,0.0
1361,complicated,0.0
1362,anterior_cerebral_artery,0.0
1363,foreign_body,0.0
1364,occlusive_disease,0.0
1365,open_surgical,0.0
1366,human,0.0
1367,lower,0.0
1368,sickle_cell_anemia,0.0
1369,ovarian_cyst,0.0
1370,rugger_jersey_spine,0.0
1371,changed,0.0
1372,pericardiocentesis,0.0
1373,alobar,0.0
1374,middle_meningeal_artery,0.0
1375,superficial_palmar_arch,0.0
1376,ictal,0.0
1377,suture,0.0
1378,agyria,0.0
1379,cerebral_palsy,0.0
1380,large,0.0
1381,laceration,0.0
1382,epithelioid_hemangioendothelioma,0.0
1383,female,0.0
1384,prepontine_cistern,0.0
1385,joint,0.0
1386,smaller,0.0
1387,foramen_magnum,0.0
1388,lunate,0.0
1389,papillary_muscle,0.0
1390,optic_nerve,0.0
1391,partial_anomalous_pulmonary_venous_connection,0.0
1392,fifth,0.0
1393,lumen,0.0
1394,gastrointestinal_tract,0.0
1395,chondrosarcoma,0.0
1396,echocardiography,0.0
1397,disk_kidney,0.0
1398,nucleus_pulposus,0.0
1399,fascia,0.0
1400,sulfur,0.0
1401,renal_fascia,0.0
1402,water_soluble_contrast,0.0
1403,low_density,0.0
1404,periosteal_reaction,0.0
1405,intralesional,0.0
1406,contrast_barium_enema,0.0
1407,delayed_enhancement,0.0
1408,complete_evaluation,0.0
1409,lingula,0.0
1410,salter,0.0
1411,unchanged,0.0
1412,intima,0.0
1413,hamate,0.0
1414,wedge,0.0
1415,masson_syndrome,0.0
1416,cavernous_malformation,0.0
1417,optiray,0.0
1418,prevertebral_space,0.0
1419,third_cuneiform,0.0
1420,blood,0.0
1421,rectangular,0.0
1422,tibial_metaphysis,0.0
1423,simple_bone_cyst,0.0
1424,inferior_vena_cava,0.0
1425,diverticulum,0.0
1426,infarct,0.0
1427,supratentorial,0.0
1428,remodeling,0.0
1429,interphalangeal_joint,0.0
1430,medullary_sponge_kidney,0.0
1431,intraparenchymal,0.0
1432,central_enhancement,0.0
1433,copper,0.0
1434,thymoma,0.0
1435,infrarenal,0.0
1436,death,0.0
1437,iodine,0.0
1438,right_parietal_lobe,0.0
1439,mps_iv,0.0
1440,ileum,0.0
1441,rotatory_subluxation,0.0
1442,ollier_disease,0.0
1443,angulated,0.0
1444,plantar_aponeurosis,0.0
1445,stroma,0.0
1446,extravasation,0.0
1447,reconstruction,0.0
1448,inhomogeneous,0.0
1449,right_shunt,0.0
1450,bulky,0.0
1451,agenesis,0.0
1452,ganglioglioma,0.0
1453,elliptical,0.0
1454,neural_tissue,0.0
1455,drainage_catheter,0.0
1456,motor_dysfunction,0.0
1457,idiopathic,0.0
1458,neonatal_hepatitis,0.0
1459,meatus,0.0
1460,placenta,0.0
1461,air_contrast,0.0
1462,nasal_bone,0.0
1463,sympathetic_chain,0.0
1464,duodenitis,0.0
1465,testes,0.0
1466,internal_jugular_vein,0.0
1467,video,0.0
1468,esophagogastric_junction,0.0
1469,hypertrophic_cardiomyopathy,0.0
1470,closed,0.0
1471,neural_tube_defect,0.0
1472,right_cerebral_hemisphere,0.0
1473,staghorn_calculi,0.0
1474,gastroenteritis,0.0
1475,cavernous_angioma,0.0
1476,perineural,0.0
1477,lobular,0.0
1478,colitis,0.0
1479,thoracic_inlet,0.0
1480,mastoid_process,0.0
1481,kimura_disease,0.0
1482,l3_vertebral_body,0.0
1483,shoulder_joint,0.0
1484,pneumoconiosis,0.0
1485,subtalar_coalition,0.0
1486,uterine_cavity,0.0
1487,vermis,0.0
1488,late_complication,0.0
1489,gluteus_medius,0.0
1490,common_iliac_artery,0.0
1491,corpus_spongiosum,0.0
1492,no_change,0.0
1493,contra,0.0
1494,radiolunate_joint,0.0
1495,otosclerosis,0.0
1496,antibiotic,0.0
1497,blurring,0.0
1498,horizontal,0.0
1499,oxygen,0.0
1500,vascular_pedicle,0.0
1501,sigmoid_colon,0.0
1502,synovial_sarcoma,0.0
1503,pleomorphic,0.0
1504,right_hemicolectomy,0.0
1505,encephalopathy,0.0
1506,thymus,0.0
1507,intrathecal,0.0
1508,prominent,0.0
1509,valvular_heart_disease,0.0
1510,stricture,0.0
1511,surgical_approach,0.0
1512,patulous,0.0
1513,permeative,0.0
1514,partial_cystectomy,0.0
1515,cerebral_white_matter,0.0
1516,pet,0.0
1517,cardiac_failure,0.0
1518,ulnar_head,0.0
1519,rootlets,0.0
1520,duodenal_bulb,0.0
1521,cerebritis,0.0
1522,liver_mass,0.0
1523,scapula,0.0
1524,water,0.0
1525,posterior_ribs,0.0
1526,open_mouth,0.0
1527,cholangiocarcinoma,0.0
1528,abdominal_aorta,0.0
1529,epidermoid_cyst,0.0
1530,left_upper_lobe_bronchus,0.0
1531,vomer,0.0
1532,brown,0.0
1533,nephrectomy,0.0
1534,renal_parenchyma,0.0
1535,eggshell,0.0
1536,orthopedic_surgery,0.0
1537,left_upper_lobe,0.0
1538,thoracic_mass,0.0
1539,dermoid_cyst,0.0
1540,hypoperfusion,0.0
1541,ossific,0.0
1542,ulnar_styloid,0.0
1543,periarticular,0.0
1544,serrated,0.0
1545,plantar_arch,0.0
1546,pa_view,0.0
1547,previous,0.0
1548,clear_cell_ependymoma,0.0
1549,talus,0.0
1550,hyperechogenic,0.0
1551,immunodeficiency_disorder,0.0
1552,hydrops,0.0
1553,xanthoma,0.0
1554,intravenous_pyelogram,0.0
1555,middle_constrictor_muscle,0.0
1556,globus_pallidus,0.0
1557,respiratory,0.0
1558,ectopic,0.0
1559,developmental,0.0
1560,basion,0.0
1561,fasciitis,0.0
1562,umbilical_artery,0.0
1563,articular_surface,0.0
1564,height,0.0
1565,abdominal,0.0
1566,interventional_radiology,0.0
1567,split,0.0
1568,lumbosacral_spine,0.0
1569,upper_extremity,0.0
1570,l1,0.0
1571,lateral_meniscus,0.0
1572,mitral_valve_prolapse,0.0
1573,sacral_promontory,0.0
1574,pectus,0.0
1575,persistent_fetal_circulation,0.0
1576,spinal_cord,0.0
1577,diagnostic_imaging,0.0
1578,vesicoureteral_reflux,0.0
1579,intrapleural,0.0
1580,optic_neuritis,0.0
1581,_andrew_poznanski,0.0
1582,oblique_projection,0.0
1583,jagged,0.0
1584,bronchial_tree,0.0
1585,interosseous_membrane,0.0
1586,flap_tear,0.0
1587,thoracic_aorta,0.0
1588,bending,0.0
1589,pituitary_fossa,0.0
1590,atrophic,0.0
1591,oral_contrast,0.0
1592,avulsion_fracture,0.0
1593,wound,0.0
1594,scaphoid,0.0
1595,orogastric_tube,0.0
1596,pyloromyotomy,0.0
1597,left_latissimus_dorsi,0.0
1598,growth_plate,0.0
1599,malalignment,0.0
1600,patent_ductus_arteriosus,0.0
1601,dyskinesia,0.0
1602,humeral_head,0.0
1603,melorheostosis,0.0
1604,ankle_joint,0.0
1605,thyrocervical_trunk,0.0
1606,carcinoma_in_situ,0.0
1607,black,0.0
1608,symphysis_pubis,0.0
1609,morphology,0.0
1610,leptomeningeal,0.0
1611,apert_syndrome,0.0
1612,pituitary_macroadenoma,0.0
1613,vp_shunt,0.0
1614,acromioclavicular_joint,0.0
1615,subsegmental,0.0
1616,spherical,0.0
1617,aortic_dissection,0.0
1618,german,0.0
1619,right_renal_artery,0.0
1620,retinaculum,0.0
1621,periostitis,0.0
1622,enchondroma,0.0
1623,gastric_mucosa,0.0
1624,collapsed,0.0
1625,abnormal_accumulation_of_fluid,0.0
1626,petrous,0.0
1627,neuropathy,0.0
1628,fat_pad_sign,0.0
1629,object,0.0
1630,vasculitis,0.0
1631,mediastinal_space,0.0
1632,main_pancreatic_duct,0.0
1633,nasogastric,0.0
1634,osteophyte,0.0
1635,bullet,0.0
1636,scintigraphy,0.0
1637,cecostomy,0.0
1638,giant_cell_arteritis,0.0
1639,side_anastomosis,0.0
1640,deviated,0.0
1641,psoriatic_arthritis,0.0
1642,t2_hyperintense,0.0
1643,large_bowel,0.0
1644,brain_surface,0.0
1645,osteosclerosis,0.0
1646,penile_urethra,0.0
1647,consolidation,0.0
1648,anterolateral,0.0
1649,subcapsular,0.0
1650,right_lobe_of_liver,0.0
1651,klein,0.0
1652,splenic_artery,0.0
1653,lamina_propria,0.0
1654,tibial_epiphysis,0.0
1655,elbow,0.0
1656,pneumomediastinum,0.0
1657,primary_sclerosing_cholangitis,0.0
1658,biliary_tract,0.0
1659,biliary_dilatation,0.0
1660,through,0.0
1661,anterior_chest_wall,0.0
1662,patent,0.0
1663,tibial_diaphysis,0.0
1664,venous_plexus,0.0
1665,flexion,0.0
1666,cavitary,0.0
1667,rectal,0.0
1668,right_renal_cortex,0.0
1669,coronary_artery,0.0
1670,pyeloplasty,0.0
1671,adrenal_medulla,0.0
1672,jejunum,0.0
1673,right_cochlear_nerve,0.0
1674,intrauterine,0.0
1675,medial_rotation,0.0
1676,heterotopic_ossification,0.0
1677,vascular_flow,0.0
1678,buttock,0.0
1679,turricephaly,0.0
1680,protuberance,0.0
1681,opened,0.0
1682,c_sign,0.0
1683,ejaculatory_duct,0.0
1684,eccentric,0.0
1685,vasoconstriction,0.0
1686,posterior,0.0
1687,lateral_decubitus,0.0
1688,colon,0.0
1689,radiolucent,0.0
1690,claw_sign,0.0
1691,left_patella,0.0
1692,parenchyma,0.0
1693,traction_bronchiectasis,0.0
1694,septomarginal_trabecula,0.0
1695,parotid_glands,0.0
1696,diarrhea,0.0
1697,hyperperfusion,0.0
1698,bloody,0.0
1699,c5_vertebral_body,0.0
1700,ductal,0.0
1701,ascending,0.0
1702,infrahyoid_neck,0.0
1703,venous_system,0.0
1704,cystadenoma,0.0
1705,descending_colon,0.0
1706,osgood,0.0
1707,distal_pole_of_scaphoid,0.0
1708,belly,0.0
1709,increasing,0.0
1710,possibly,0.0
1711,shape,0.0
1712,right_testis,0.0
1713,demineralized_bone_matrix,0.0
1714,solid_pseudopapillary_neoplasm,0.0
1715,aggressive,0.0
1716,inadequate,0.0
1717,adamantinoma,0.0
1718,radiofrequency_ablation,0.0
1719,intravitreal,0.0
1720,elongated,0.0
1721,genetic,0.0
1722,serous_cystadenoma,0.0
1723,paresis,0.0
1724,possible,0.0
1725,arterial_phase,0.0
1726,mediastinum,0.0
1727,compartment_syndrome,0.0
1728,fibroelastosis,0.0
1729,breast,0.0
1730,angular,0.0
1731,99m_pertechnetate,0.0
1732,epidural_space,0.0
1733,urethral_stenosis,0.0
1734,tumor_board_pathology_slides,0.0
1735,intramuscular_lipoma,0.0
1736,insertion,0.0
1737,fovea_ethmoidalis,0.0
1738,valgus_deformity,0.0
1739,polyostotic_fibrous_dysplasia,0.0
1740,protein,0.0
1741,low_signal_intensity,0.0
1742,mixed,0.0
1743,hereditary_multiple_exostoses,0.0
1744,sphenopalatine_foramen,0.0
1745,spleen,0.0
1746,colon_wall,0.0
1747,metabolism,0.0
1748,diagnose,0.0
1749,chondrodysplasia,0.0
1750,intracerebral,0.0
1751,retrograde,0.0
1752,renal_vein,0.0
1753,osteoarthrosis,0.0
1754,gastritis,0.0
1755,pneumocephalus,0.0
1756,si_joints,0.0
1757,pyelonephritis,0.0
1758,laryngeal,0.0
1759,talonavicular_joint,0.0
1760,t8_vertebra,0.0
1761,myelomalacia,0.0
1762,right_paratracheal_stripe,0.0
1763,ileus,0.0
1764,lamina_papyracea,0.0
1765,nasal_septum,0.0
1766,thumb,0.0
1767,dilatation,0.0
1768,arachnoid_cyst,0.0
1769,inflammatory_pseudotumor,0.0
1770,third_trimester,0.0
1771,cornea,0.0
1772,left_occipital_lobe,0.0
1773,ectopic_gastric_mucosa,0.0
1774,chondromyxoid_fibroma,0.0
1775,descending,0.0
1776,lymphangioleiomyomatosis,0.0
1777,lymphoid_hyperplasia,0.0
1778,digit,0.0
1779,right_lower_lobe,0.0
1780,right_coronary_sinus,0.0
1781,carpal_joint,0.0
1782,ace_inhibitor,0.0
1783,cervical_vertebral_column,0.0
1784,global,0.0
1785,perirenal_space,0.0
1786,location,0.0
1787,porto,0.0
1788,ductal_dilatation,0.0
1789,intestine,0.0
1790,hutch_diverticulum,0.0
1791,eustachian_tube,0.0
1792,enteritis,0.0
1793,thoracic_vertebral_body,0.0
1794,gastrectomy,0.0
1795,transvaginal,0.0
1796,neurofibroma,0.0
1797,brain,0.0
1798,ileocecal_valve,0.0
1799,synovia,0.0
1800,corpus_striatum,0.0
1801,kaposiform_hemangioendothelioma,0.0
1802,otitis_media,0.0
1803,dermoid,0.0
1804,enlargement,0.0
1805,ranula,0.0
1806,persistent_left_superior_vena_cava,0.0
1807,crossed,0.0
1808,calculus,0.0
1809,great_toe,0.0
1810,pauciarticular,0.0
1811,metatarsal,0.0
1812,axillary_vein,0.0
1813,multilobulated,0.0
1814,intrathoracic,0.0
1815,superior_angle_of_scapula,0.0
1816,spherical_mass,0.0
1817,detached,0.0
1818,congenital_disorder,0.0
1819,tubular,0.0
1820,pulmonary_hilum,0.0
1821,processus,0.0
1822,enteropathy,0.0
1823,tuberculosis,0.0
1824,urine,0.0
1825,submandibular_gland,0.0
1826,av_fistula,0.0
1827,ilium,0.0
1828,moderately_high,0.0
1829,pseudocapsule,0.0
1830,media_layer,0.0
1831,brachycephaly,0.0
1832,synchondrosis,0.0
1833,straight_sinus,0.0
1834,leukemia,0.0
1835,vesicostomy,0.0
1836,falciform_ligament,0.0
1837,mesothelioma,0.0
1838,growth_retardation,0.0
1839,masticator_space,0.0
1840,lymphoma,0.0
1841,pulvinar,0.0
1842,infantile_hemangioma,0.0
1843,appendix,0.0
1844,rosai,0.0
1845,abnormal,0.0
1846,lung_mass,0.0
1847,sphincter,0.0
1848,plexiform_neurofibroma,0.0
1849,degenerative_disease,0.0
1850,foreign_object,0.0
1851,internal_iliac_artery,0.0
1852,hyperdense,0.0
1853,voiding,0.0
1854,complex,0.0
1855,denervation,0.0
1856,transfusional_siderosis,0.0
1857,folds,0.0
1858,arterial_vessel,0.0
1859,thin_rim,0.0
1860,cavernous_hemangioma,0.0
1861,arteriography,0.0
1862,left_anterior_oblique,0.0
1863,venous_angioma,0.0
1864,vessel,0.0
1865,gerota_fascia,0.0
1866,sphenoid_bone,0.0
1867,osteomalacia,0.0
1868,fetus,0.0
1869,metastasis,0.0
1870,mucosa,0.0
1871,fully,0.0
1872,keratin,0.0
1873,spondylitis,0.0
1874,mandibular_fossa,0.0
1875,malignant_otitis_externa,0.0
1876,enlarged_liver,0.0
1877,architectural_distortion,0.0
1878,thinned,0.0
1879,localization,0.0
1880,lumbar_region,0.0
1881,ankle_fracture,0.0
1882,bone_marrow,0.0
1883,tension_pneumothorax,0.0
1884,articular_disc,0.0
1885,macroscopic,0.0
1886,wilms_tumor,0.0
1887,extracranial,0.0
1888,lymphadenitis,0.0
1889,symmetry,0.0
1890,spinal_fusion,0.0
1891,depth,0.0
1892,perthes_disease,0.0
1893,hilar_lymph_node,0.0
1894,azygos_vein,0.0
1895,length,0.0
1896,lithium,0.0
1897,left_atrium,0.0
1898,retention,0.0
1899,atrophy,0.0
1900,thigh,0.0
1901,urology_movie,0.0
1902,count,0.0
1903,first_toe,0.0
1904,growth_arrest,0.0
1905,interpeduncular_fossa,0.0
1906,liver,0.0
1907,left_renal_vein,0.0
1908,tumor_board_presentation_and_discussion,0.0
1909,left_portal_vein,0.0
1910,paraspinal,0.0
1911,young_adult,0.0
1912,occluded,0.0
1913,demyelinating_disease,0.0
1914,diagnostic,0.0
1915,peripheral_intravenous_central_catheter,0.0
1916,right_thalamus,0.0
1917,body_wall,0.0
1918,celiac_artery,0.0
1919,pectoralis_minor_tendon,0.0
1920,scurvy,0.0
1921,medullary_pyramids,0.0
1922,bronchocentric,0.0
1923,cerebrovascular_disease,0.0
1924,pubis,0.0
1925,bone_fragment,0.0
1926,right_submandibular_gland,0.0
1927,extracorporeal,0.0
1928,endothoracic,0.0
1929,ebstein_anomaly,0.0
1930,unicameral_bone_cyst,0.0
1931,supracondylar_process,0.0
1932,circular_mass,0.0
1933,temporary,0.0
1934,nephroureterectomy,0.0
1935,right_optic_nerve,0.0
1936,gallbladder,0.0
1937,fallen_fragment_sign,0.0
1938,barium_enema,0.0
1939,fluid,0.0
1940,diabetes,0.0
1941,mucocutaneous_lymph_node_syndrome,0.0
1942,low_grade,0.0
1943,hemorrhagic,0.0
1944,falx_cerebri,0.0
1945,aphthous,0.0
1946,enhancing,0.0
1947,widened,0.0
1948,right_ureter,0.0
1949,_andrea_watson,0.0
1950,entrapment_syndrome,0.0
1951,trichobezoar,0.0
1952,t6_vertebral_body,0.0
1953,arthro,0.0
1954,synovium,0.0
1955,avulsion,0.0
1956,herniation,0.0
1957,infantile_hemangioendothelioma,0.0
1958,subchondral_bone,0.0
1959,saccular_aneurysm,0.0
1960,right_middle_lobe,0.0
1961,hemangioendothelioma,0.0
1962,gland,0.0
1963,arc_of_riolan,0.0
1964,a_ring,0.0
1965,cranial_suture,0.0
1966,avascular_necrosis,0.0
1967,tricks,0.0
1968,ligamentum_teres,0.0
1969,enzyme,0.0
1970,pisiform,0.0
1971,medullary_canal,0.0
1972,ganglion,0.0
1973,sagittal,0.0
1974,glottis,0.0
1975,arteriovenous_fistula,0.0
1976,hygroma,0.0
1977,diuretic,0.0
1978,pneumoperitoneum,0.0
1979,distention,0.0
1980,polyarteritis_nodosa,0.0
1981,sphenoid_sinus,0.0
1982,superior_mediastinum,0.0
1983,muscle,0.0
1984,hypoechogenic,0.0
1985,radial_tuberosity,0.0
1986,epicondyle,0.0
1987,viral_infection,0.0
1988,endometritis,0.0
1989,osteoporosis,0.0
1990,patella_alta,0.0
1991,pyloric_canal,0.0
1992,column_of_bertin,0.0
1993,carcinoid,0.0
1994,left_main_coronary_artery,0.0
1995,palate,0.0
1996,posterior_rib,0.0
1997,nephron,0.0
1998,waist,0.0
1999,capitate,0.0
2000,fever,0.0
2001,tricuspid_valve,0.0
2002,basal,0.0
2003,decreased_in_height,0.0
2004,circumaortic,0.0
2005,internal_mammary_artery,0.0
2006,concave,0.0
2007,patellofemoral_joint,0.0
2008,ascites,0.0
2009,coronary_sinus,0.0
2010,transplant_lymphoproliferative_disorder,0.0
2011,lateral,0.0
2012,cysticercosis,0.0
2013,degenerated,0.0
2014,posterior_longitudinal_ligament,0.0
2015,pilocytic_astrocytoma,0.0
2016,ng_tube,0.0
2017,retroflexed,0.0
2018,stress_fracture,0.0
2019,cavernous,0.0
2020,width,0.0
2021,bronchovascular,0.0
2022,hepatic_artery,0.0
2023,plasmacytoma,0.0
2024,bezoar,0.0
2025,symphysis,0.0
2026,mediastinal_lymph_node,0.0
2027,knee_region,0.0
2028,forebrain,0.0
2029,negative_ulnar_variance,0.0
2030,osteonecrosis,0.0
2031,typical,0.0
2032,lesser_omentum,0.0
2033,urachus,0.0
2034,cortex,0.0
2035,facet,0.0
2036,midfoot,0.0
2037,capillary_malformation,0.0
2038,hypertrophic_pyloric_stenosis,0.0
2039,sciatic_nerve,0.0
2040,bowed,0.0
2041,mucus,0.0
2042,diffusion_weighted,0.0
2043,intrabronchial,0.0
2044,double_bubble_sign,0.0
2045,suprasellar_cistern,0.0
2046,left_lesser_trochanter,0.0
2047,third_ventricle,0.0
2048,urinary_bladder_wall,0.0
2049,urethra,0.0
2050,femoroacetabular_impingement,0.0
2051,pneumatosis_intestinalis,0.0
2052,osteosarcoma,0.0
2053,dynamic,0.0
2054,calcified,0.0
2055,urgent,0.0
2056,right_costophrenic_sulcus,0.0
2057,vasculature,0.0
2058,condyle,0.0
2059,yellow,0.0
2060,fat_deposition,0.0
2061,membrane,0.0
2062,waters_view,0.0
2063,bile_ducts,0.0
2064,branching,0.0
2065,mesenteric_lymph_nodes,0.0
2066,high_signal_intensity,0.0
2067,nonenhancing,0.0
2068,ppt,0.0
2069,sitting_position,0.0
2070,posteromedial,0.0
2071,bathrocephaly,0.0
2072,trabecula,0.0
2073,mucous_membrane,0.0
2074,doughnut_sign,0.0
2075,circumference,0.0
2076,congenital_diaphragmatic_hernia,0.0
2077,right_upper_lobe,0.0
2078,certain,0.0
2079,arrhythmogenic_right_ventricular_dysplasia,0.0
2080,synovial_membrane,0.0
2081,pseudocyst,0.0
2082,gastric_outlet_obstruction,0.0
2083,iliac_wing,0.0
2084,oval_mass,0.0
2085,retinal_detachment,0.0
2086,external_genitalia,0.0
2087,testicular_cancer,0.0
2088,internal_carotid_artery,0.0
2089,gastroesophageal_reflux,0.0
2090,intraductal,0.0
2091,sialolithiasis,0.0
2092,body_of_epididymis,0.0
2093,thumbprinting,0.0
2094,sac,0.0
2095,parosteal_osteosarcoma,0.0
2096,teardrop_fracture,0.0
2097,congestion,0.0
2098,diastasis,0.0
2099,fifth_metatarsal,0.0
2100,right_adrenal_gland,0.0
2101,neurovascular_bundle,0.0
2102,improved,0.0
2103,styloid,0.0
2104,latin,0.0
2105,choriocarcinoma,0.0
2106,multicystic_dysplasia,0.0
2107,inflammation,0.0
2108,scalp,0.0
2109,sarcoidosis,0.0
2110,semilobar,0.0
2111,figure_3_sign,0.0
2112,more_than_5,0.0
2113,digits,0.0
2114,lateral_ventricle,0.0
2115,trigeminal_nerve,0.0
2116,blunted,0.0
2117,ampulla_of_vater,0.0
2118,ankle_mortise,0.0
2119,ventral,0.0
2120,hyperemia,0.0
2121,prone,0.0
2122,echo_imaging,0.0
2123,pleural_space,0.0
2124,right_cerebral_white_matter,0.0
2125,naris,0.0
2126,syphilis,0.0
2127,chordoma,0.0
2128,iliac_ala,0.0
2129,left_nipple,0.0
2130,fatigue,0.0
2131,pelvic_floor,0.0
2132,air_embolism,0.0
2133,sagittal_suture,0.0
2134,delta_sign,0.0
2135,epigastrium,0.0
2136,weber_syndrome,0.0
2137,brainstem,0.0
2138,white_matter,0.0
2139,subclavian_vein,0.0
2140,metaphysis,0.0
2141,left_tibia,0.0
2142,fecolith,0.0
2143,sclerosing,0.0
2144,percutaneous,0.0
2145,helical_ct,0.0
2146,acute,0.0
2147,ingested_food,0.0
2148,right_thyroid_lobe,0.0
2149,phase,0.0
2150,enthesophyte,0.0
2151,acquired,0.0
2152,hydrogen,0.0
2153,endotracheal_tube,0.0
2154,cerebrum,0.0
2155,heterogenous,0.0
2156,inflammatory_myofibroblastic_tumor,0.0
2157,perforating_arteries,0.0
2158,follow_through,0.0
2159,osteochondrosis_dissecans,0.0
2160,echo_planar,0.0
2161,anal_canal,0.0
2162,pneumothorax,0.0
2163,purulent,0.0
2164,left_ureter,0.0
2165,foramen_of_monro,0.0
2166,torticollis,0.0
2167,pylorospasm,0.0
2168,carcinomatosis,0.0
2169,septae,0.0
2170,clear,0.0
2171,patchy,0.0
2172,hyperintense,0.0
2173,porencephaly,0.0
2174,sinding,0.0
2175,squamous_cell_carcinoma,0.0
2176,moderator_band,0.0
2177,stirrup,0.0
2178,right_atrial_appendage,0.0
2179,thyroid,0.0
2180,vascular_disease,0.0
2181,epithelium_of_choroid_plexus,0.0
2182,unremarkable,0.0
2183,adenocarcinoma,0.0
2184,tibial_tuberosity,0.0
2185,major,0.0
2186,hyperparathyroidism,0.0
2187,soft_tissue,0.0
2188,acromion,0.0
2189,sagittal_plane,0.0
2190,deviation,0.0
2191,suppurative_thyroiditis,0.0
2192,orbit,0.0
2193,left_lower_lobe,0.0
2194,multilocular_cystic_renal_tumor,0.0
2195,perihilar,0.0
2196,feeding_tube,0.0
2197,kernicterus,0.0
2198,aggressive_fibromatosis,0.0
2199,series_5d_movie,0.0
2200,spondylolysis,0.0
2201,core_needle,0.0
2202,celiac_sprue,0.0
2203,ventilation,0.0
2204,nodular,0.0
2205,knee_joint,0.0
2206,medial,0.0
2207,coats_disease,0.0
2208,common_hepatic_duct,0.0
2209,eosinophilic_granuloma,0.0
2210,shrunken,0.0
2211,dehiscence,0.0
2212,acroosteolysis,0.0
2213,instability,0.0
2214,foramen_of_morgagni,0.0
2215,intervertebral_foramen,0.0
2216,rupture,0.0
2217,retroperitoneal_lymph_node,0.0
2218,paracolic_gutter,0.0
2219,left_side,0.0
2220,alobar_holoprosencephaly,0.0
2221,regression,0.0
2222,uhl_anomaly,0.0
2223,hereditary,0.0
2224,tracheobronchial_tree,0.0
2225,cough,0.0
2226,thoracolumbar_spine,0.0
2227,infratentorial,0.0
2228,syndromic,0.0
2229,imaging_technique,0.0
2230,vastus_medialis,0.0
2231,right_hepatic_artery,0.0
2232,eaten,0.0
2233,comparison,0.0
2234,voiding_cystourethrography,0.0
2235,chondroblastoma,0.0
2236,ventral_duct,0.0
2237,diploic_space,0.0
2238,torsion,0.0
2239,milk_of_calcium,0.0
2240,tuberous_sclerosis,0.0
2241,nonossifying_fibroma,0.0
2242,jones_fracture,0.0
2243,rectal_contrast,0.0
2244,total_colectomy,0.0
2245,cervix,0.0
2246,nasal_glioma,0.0
2247,scimitar_sign,0.0
2248,retroperitoneal_fibrosis,0.0
2249,hemispheric,0.0
2250,tetralogy_of_fallot,0.0
2251,thoracolumbar_junction,0.0
2252,hematogenous_spread,0.0
2253,intermediate,0.0
2254,congenital_hepatic_fibrosis,0.0
2255,symmetrical,0.0
2256,second_finger,0.0
2257,ependymal_cyst,0.0
2258,pupil,0.0
2259,sprain,0.0
2260,volume,0.0
2261,malabsorption,0.0
2262,anterior_abdominal_wall_musculature,0.0
2263,fat,0.0
2264,tonsillar_fossa,0.0
2265,left_middle_cerebral_artery,0.0
2266,present,0.0
2267,fossa_ovalis,0.0
2268,stratified_squamous_epithelium,0.0
2269,hemolytic_uremic_syndrome,0.0
2270,vertical,0.0
2271,viability,0.0
2272,norwood_procedure,0.0
2273,t11_vertebral_body,0.0
2274,hyperplasia,0.0
2275,ventricular_septal_defect,0.0
2276,bone_cyst,0.0
2277,innominate_artery,0.0
2278,portal_hypertension,0.0
2279,ventriculostomy,0.0
2280,monitored,0.0
2281,brittle_bone_disease,0.0
2282,gastric_antrum,0.0
2283,distal,0.0
2284,delayed_phase,0.0
2285,c3_vertebral_body,0.0
2286,rhabdomyoma,0.0
2287,dorsum,0.0
2288,paraganglioma,0.0
2289,fifth_finger,0.0
2290,spinal_stenosis,0.0
2291,thyroiditis,0.0
2292,puckered,0.0
2293,semicircular_canal,0.0
2294,contour,0.0
2295,perivesical_space,0.0
2296,hemidiaphragm,0.0
2297,acute_tubular_necrosis,0.0
2298,suprahyoid_neck,0.0
2299,langerhans_cell_histiocytosis,0.0
2300,osteochondritis_dissecans,0.0
2301,tractography,0.0
2302,thalamus,0.0
2303,amnion,0.0
2304,optic_chiasm,0.0
2305,distal_humerus,0.0
2306,gd,0.0
2307,osteopenia,0.0
2308,section,0.0
2309,surgery,0.0
2310,achilles_tendon,0.0
2311,permanent,0.0
2312,sliding,0.0
2313,third_digit,0.0
2314,upper_lobe_bronchus,0.0
2315,screening,0.0
2316,pectoralis_major_muscle,0.0
2317,tenosynovitis,0.0
2318,turner_syndrome,0.0
2319,adolescent,0.0
2320,metacarpal_joint,0.0
2321,lining,0.0
2322,neoplasia,0.0
2323,colostomy,0.0
2324,left_atrial_appendage,0.0
2325,c2,0.0
2326,intussusception,0.0
2327,myocarditis,0.0
2328,right_renal_parenchyma,0.0
2329,foraminal,0.0
2330,valsalva_maneuver,0.0
2331,siwe_disease,0.0
2332,hyperinflated,0.0
2333,transverse,0.0
2334,adenoma,0.0
2335,intra,0.0
2336,pleomorphic_adenoma,0.0
2337,trapezium,0.0
2338,subclavian_artery,0.0
2339,chronic,0.0
2340,lower_lip,0.0
2341,choroid_plexus_papilloma,0.0
2342,adequate,0.0
2343,extensor_digitorum,0.0
2344,right_side_of_thorax,0.0
2345,ankylosing_spondylitis,0.0
2346,distal_radioulnar_joint,0.0
2347,exophytic,0.0
2348,dural_ectasia,0.0
2349,chronic_recurrent_multifocal_osteomyelitis,0.0
2350,left_adrenal_gland,0.0
2351,spinal_epidural_space,0.0
2352,crossed_ectopia,0.0
2353,spectroscopy,0.0
2354,brachiocephalic_vein,0.0
2355,gestation,0.0
2356,centrilobular,0.0
2357,cerebral_aqueduct,0.0
2358,skull,0.0
2359,nephroblastoma,0.0
2360,magnesium,0.0
2361,common_bile_duct,0.0
2362,persistent,0.0
2363,tarsometatarsal_joint,0.0
2364,puncture,0.0
2365,hypoinflated,0.0
2366,feeding_arteries,0.0
2367,moyamoya_disease,0.0
2368,disease_spread,0.0
2369,uterine_cervix,0.0
2370,caffey_disease,0.0
2371,gliosis,0.0
2372,posterior_acoustic_enhancement,0.0
2373,psoriasis,0.0
2374,myelitis,0.0
2375,lower_extremities,0.0
2376,cheek,0.0
2377,right_knee,0.0
2378,straining,0.0
2379,invasive,0.0
2380,fecalith,0.0
2381,tip_of_the_iceberg_sign,0.0
2382,bronchography,0.0
2383,septic_arthritis,0.0
2384,left,0.0
2385,dorsal,0.0
2386,collar_sign,0.0
2387,esophagography,0.0
2388,median_nerve,0.0
2389,perilobar,0.0
2390,tibial_plafond,0.0
2391,developmental_venous_anomaly,0.0
2392,anterior_scalene_muscle,0.0
2393,external_carotid_artery,0.0
2394,arachnoid_granulation,0.0
2395,lymphatic_chain,0.0
2396,watershed,0.0
2397,yolk_sac_tumor,0.0
2398,cholesteatoma,0.0
2399,hepatomegaly,0.0
2400,angiodysplasia,0.0
2401,rigler_sign,0.0
2402,cartilaginous,0.0
2403,pelvic_kidney,0.0
2404,torus_fracture,0.0
2405,cerebellopontine_angle,0.0
2406,chest_tube,0.0
2407,acl_tear,0.0
2408,suspected,0.0
2409,angle,0.0
2410,mediastinitis,0.0
2411,pressure,0.0
2412,soft_tissue_density,0.0
2413,disorder_of_neuronal_migration,0.0
2414,manubrium_sterni,0.0
2415,posterior_arch,0.0
2416,inflamed,0.0
2417,emissary_vein,0.0
2418,cholecystitis,0.0
2419,simplex,0.0
2420,adnexa,0.0
2421,sacroiliac_joints,0.0
2422,adenoid,0.0
2423,invaginated,0.0
2424,periosteum,0.0
2425,trabeculation,0.0
2426,normal_variant,0.0
2427,bronchiectasis,0.0
2428,myocardial_infarction,0.0
2429,imaging_plane,0.0
2430,malignant,0.0
2431,dysgenesis,0.0
2432,sural_nerve,0.0
2433,neurofibromatosis,0.0
2434,orchiopexy,0.0
2435,polygonal,0.0
2436,tubular_artery_sign,0.0
2437,filum_terminale,0.0
2438,bulbar_urethra,0.0
2439,ischemic_heart_disease,0.0
2440,coronary_arteries,0.0
2441,scrotum,0.0
2442,cricopharyngeus,0.0
2443,synovitis,0.0
2444,sustentaculum_tali,0.0
2445,reflux_nephropathy,0.0
2446,lesser_sac,0.0
2447,left_precentral_gyrus,0.0
2448,distraction,0.0
2449,anterior_cruciate_ligament,0.0
2450,balloon,0.0
2451,retroverted,0.0
2452,upper_lip,0.0
2453,vitreous_chamber,0.0
2454,retrieval,0.0
2455,arterial_trunk,0.0
2456,ganglion_cyst,0.0
2457,corpus_luteum,0.0
2458,glass_opacity,0.0
2459,abdominal_vasculature,0.0
2460,posterior_cruciate_ligament,0.0
2461,stable,0.0
2462,right_femur,0.0
2463,foramen,0.0
2464,low_attenuation,0.0
2465,choanal_atresia,0.0
2466,craniopharyngioma,0.0
2467,adenomatous,0.0
2468,parietal_bone,0.0
2469,johansson_disease,0.0
2470,epiglottis,0.0
2471,hypopharynx,0.0
2472,pterygopalatine_fossa,0.0
2473,hyperthyroidism,0.0
2474,giant_cell_tumor,0.0
2475,capillary_hemangioma,0.0
2476,interstitial_fibrosis,0.0
2477,indeterminate,0.0
2478,triphasic,0.0
2479,expansile,0.0
2480,isodense,0.0
2481,patella,0.0
2482,click_here_for_tumor_board_presentation,0.0
2483,rubella,0.0
2484,upper_gastrointestinal_tract,0.0
2485,compression_fracture,0.0
2486,infiltrative,0.0
2487,familial_dysautonomia,0.0
2488,fibrous_histiocytoma,0.0
2489,right_portal_vein,0.0
2490,main_pulmonary_artery,0.0
2491,cardiomyopathy,0.0
2492,inferior_mesenteric_artery,0.0
2493,intrahepatic_biliary_tree,0.0
2494,perforation,0.0
2495,parietal_region,0.0
2496,anterior_tibial_artery,0.0
2497,pendulous_urethra,0.0
2498,dural_venous_sinus,0.0
2499,malignant_schwannoma,0.0
2500,cor_pulmonale,0.0
2501,lipohemarthrosis,0.0
2502,persistent_trigeminal_artery,0.0
2503,clinical_finding,0.0
2504,meconium_peritonitis,0.0
2505,left_lung,0.0
2506,proximal_epiphysis,0.0
2507,pregnant,0.0
2508,avascular,0.0
2509,steeple_sign,0.0
2510,isointense,0.0
2511,quantitation,0.0
2512,postoperative,0.0
2513,microscopic,0.0
2514,right_c,0.0
2515,ultrasound,0.0
2516,gaseous,0.0
2517,levoscoliosis,0.0
2518,aortic_valve,0.0
2519,carotid_space,0.0
2520,laparoscopic,0.0
2521,coronal_plane,0.0
2522,arcuate_ligament_syndrome,0.0
2523,urinary_system,0.0
2524,nerve_root,0.0
2525,honeycombing,0.0
2526,christian_disease,0.0
2527,detachment,0.0
2528,triangular_fibrocartilage_disc,0.0
2529,sponge,0.0
2530,discharge,0.0
2531,pulmonary_alveolar_proteinosis,0.0
2532,extension,0.0
2533,potassium,0.0
2534,choroid_plexus_cyst,0.0
2535,tracheostomy_tube,0.0
2536,coarse,0.0
2537,circular,0.0
2538,embolic_material,0.0
2539,ethmoid,0.0
2540,right_motor_cortex,0.0
2541,bicornuate_uterus,0.0
2542,catheter,0.0
2543,cystic_hygroma,0.0
2544,hymen,0.0
2545,obesity,0.0
2546,ulcerative_colitis,0.0
2547,thoracic_duct,0.0
2548,anterior_abdominal_wall,0.0
2549,articular_facet,0.0
2550,lateral_projection,0.0
2551,mesentery,0.0
2552,blood_vessel,0.0
2553,sternum,0.0
2554,subtotal,0.0
2555,diastrophic_dwarfism,0.0
2556,inguinal_hernia,0.0
2557,obturator_foramen,0.0
2558,sartorius_muscle,0.0
2559,lymphatic_malformation,0.0
2560,common_iliac_vein,0.0
2561,ureteropelvic_junction,0.0
2562,hyperenhancing,0.0
2563,hematuria,0.0
2564,concentration,0.0
2565,peripheral_nervous_system,0.0
2566,pulmonary_sling,0.0
2567,superficial,0.0
2568,marked,0.0
2569,after,0.0
2570,separation,0.0
2571,adrenals,0.0
2572,thorax,0.0
2573,shaped,0.0
2574,several,0.0
2575,nasolacrimal_duct,0.0
2576,medical_renal_disease,0.0
2577,anterosuperior_iliac_spine,0.0
2578,bronchus_intermedius,0.0
2579,lumbosacral_junction,0.0
2580,gallium,0.0
2581,collagenous,0.0
2582,hyperplastic,0.0
2583,mucoepidermoid_carcinoma,0.0
2584,ischial_tuberosity,0.0
2585,flank,0.0
2586,acquisition,0.0
2587,chiari,0.0
2588,giant,0.0
2589,malgaigne_fracture,0.0
2590,cord_sign,0.0
2591,interscalene_triangle,0.0
2592,capsule,0.0
2593,calvarium,0.0
2594,cortical,0.0
2595,morison_pouch,0.0
2596,tendon,0.0
2597,intratubular,0.0
2598,enterectomy,0.0
2599,ankylosis,0.0
2600,diaphragmatic_hernia,0.0
2601,high_density,0.0
2602,patency,0.0
2603,pancreatic_head,0.0
2604,metacarpal_bone,0.0
2605,fat_containing,0.0
2606,embolization,0.0
2607,mobile,0.0
2608,vascular_calcification,0.0
2609,gastroduodenal_junction,0.0
2610,rim_calcification,0.0
2611,hepatoblastoma,0.0
2612,thin_sclerotic,0.0
2613,thrombolysis,0.0
2614,premature,0.0
2615,uncomplicated,0.0
2616,corticospinal_tract,0.0
2617,inner_ear,0.0
2618,systemic_vein,0.0
2619,extremities,0.0
2620,stasis,0.0
2621,dislocated,0.0
2622,pneumo,0.0
2623,neurogenic_pulmonary_edema,0.0
2624,meniscofemoral_ligament,0.0
2625,distance,0.0
2626,encephalitis,0.0
2627,intertarsal,0.0
2628,sphenoid,0.0
2629,meconium_plug,0.0
2630,brain_damage,0.0
2631,substantia_nigra,0.0
2632,atrial_septal_defect,0.0
2633,maxillary_artery,0.0
2634,constrictive_pericarditis,0.0
2635,hypothermia,0.0
2636,hypospadias_repair,0.0
2637,synthetic_material,0.0
2638,ganglioneuroma,0.0
2639,subcortical,0.0
2640,dilated,0.0
2641,developmental_disorder,0.0
2642,kyphosis,0.0
2643,calcium,0.0
2644,s_sign,0.0
2645,thoracic_spine,0.0
2646,internal_rotation,0.0
2647,middle_ear,0.0
2648,cellulitis,0.0
2649,plateau,0.0
2650,soluble_contrast,0.0
2651,hypertrophic_osteoarthropathy,0.0
2652,hemochromatosis,0.0
2653,fourth_toe,0.0
2654,cardiac_transplantation,0.0
2655,suggestive,0.0
2656,contents,0.0
2657,solid,0.0
2658,arterio,0.0
2659,moderate,0.0
2660,aortopulmonary_window,0.0
2661,enteroclysis,0.0
2662,patient_in,0.0
2663,mental_retardation,0.0
2664,bronchiolectasis,0.0
2665,proximal_humerus,0.0
2666,fluoroscopic,0.0
2667,lymphoid_tissue,0.0
2668,pregnancy,0.0
2669,intraventricular,0.0
2670,gradient_echo,0.0
2671,periventricular,0.0
2672,cholelithiasis,0.0
2673,maximum_intensity_projection,0.0
2674,partial_anomalous_pulmonary_venous_drainage,0.0
2675,esophagitis,0.0
2676,plagiocephaly,0.0
2677,epiploic_appendagitis,0.0
2678,congestive_heart_failure,0.0
2679,aortic,0.0
2680,hippocampus,0.0
2681,myelopathy,0.0
2682,bladder_dome,0.0
2683,testicle,0.0
2684,ovarian_artery,0.0
2685,repetitive,0.0
2686,bleeding,0.0
2687,uvula,0.0
2688,ninth,0.0
2689,optic_disc,0.0
2690,cancer,0.0
2691,reflux,0.0
2692,didelphys_uterus,0.0
2693,intracardiac,0.0
2694,juvenile_rheumatoid_arthritis,0.0
2695,fornix,0.0
2696,pre_contrast,0.0
2697,papillary_necrosis,0.0
2698,cranium,0.0
2699,septum_pellucidum,0.0
2700,defined_margin,0.0
2701,fibrosarcoma,0.0
2702,articular,0.0
2703,ectatic,0.0
2704,interstitial,0.0
2705,left_lower_lobe_bronchus,0.0
2706,lymphangiomatosis,0.0
2707,thoracic_outlet_syndrome,0.0
2708,embryonal_sarcoma,0.0
2709,kyphoscoliosis,0.0
2710,femoral_condyle,0.0
2711,severe,0.0
2712,tinnitus,0.0
2713,greater_saphenous_vein,0.0
2714,right_lower_quadrant,0.0
2715,sublingual,0.0
2716,glenoid_fossa,0.0
2717,thoracic_outlet,0.0
2718,submandibular_space,0.0
2719,multifocal,0.0
2720,real,0.0
2721,superior_medullary_velum,0.0
2722,discitis,0.0
2723,white,0.0
2724,intramuscular,0.0
2725,l3_vertebra,0.0
2726,dorfman_disease,0.0
2727,ureteral_orifice,0.0
2728,vaginal_delivery,0.0
2729,transverse_colon,0.0
2730,compression,0.0
2731,sinotubular_junction,0.0
2732,full,0.0
2733,peripheral_nerve,0.0
2734,completed,0.0
2735,lingual_thyroid,0.0
2736,right_nipple,0.0
2737,occipital_bone,0.0
2738,rhabdoid_tumor,0.0
2739,meniscal_fragment,0.0
2740,tonsillitis,0.0
2741,picc_line,0.0
2742,cartilage_defect,0.0
2743,penetrating_injury,0.0
2744,sweat,0.0
2745,deposition,0.0
2746,left_thalamus,0.0
2747,cochlear_nerve,0.0
2748,drain,0.0
2749,petrous_bone,0.0
2750,iliotibial_tract,0.0
2751,granulomatous_disease,0.0
2752,gastric_carcinoma,0.0
2753,renal_pyramids,0.0
2754,modiolus,0.0
2755,contiguous,0.0
2756,coalescent,0.0
2757,osteoarthritis,0.0
2758,glass,0.0
2759,inflammatory_bowel_disease,0.0
2760,sigmoid_volvulus,0.0
2761,cardiac_gating,0.0
2762,pacemaker,0.0
2763,chemoembolization,0.0
2764,malposition,0.0
2765,prolapsed,0.0
2766,posterior_acoustic_shadowing,0.0
2767,left_ventricle,0.0
2768,menopausal,0.0
2769,entero,0.0
2770,cholangiopancreatography,0.0
2771,angiography,0.0
2772,sitting,0.0
2773,first,0.0
2774,intravesical,0.0
2775,urinary_bladder,0.0
2776,stress,0.0
2777,hamartoma,0.0
2778,malignant_neoplasm,0.0
2779,misalignment,0.0
2780,right_middle_cerebral_artery,0.0
2781,osteogenesis_imperfecta,0.0
2782,stimulation,0.0
2783,radiation_dose,0.0
2784,bilobed,0.0
2785,eyebrow,0.0
2786,tethered,0.0
2787,sonography,0.0
2788,enhancement,0.0
2789,skeleton,0.0
2790,polyp,0.0
2791,humerus,0.0
2792,worsening,0.0
2793,sarcoma,0.0
2794,growth,0.0
2795,imaging_procedure,0.0
2796,hyperechoic,0.0
2797,physis,0.0
2798,osseous_shaft,0.0
2799,gall_bladder,0.0
2800,inverted,0.0
2801,glenoid,0.0
2802,thrombosis,0.0
2803,innumerable,0.0
2804,veno,0.0
2805,rim_enhancement,0.0
2806,hyperacute,0.0
2807,function,0.0
2808,communicating_hydrocephalus,0.0
2809,vault_of_nasopharynx,0.0
2810,spiculated,0.0
2811,quadrant,0.0
2812,endopyelotomy,0.0
2813,medial_patellar_retinaculum,0.0
2814,adipose_tissue,0.0
2815,ureteropelvic_junction_obstruction,0.0
2816,maffucci_syndrome,0.0
2817,diffuse_enhancement,0.0
2818,colonic_resection,0.0
2819,heterogeneous,0.0
2820,right_hepatic_vein,0.0
2821,calcaneus,0.0
2822,adenopathy,0.0
2823,compact_bone,0.0
2824,iliac_crest,0.0
2825,intraocular,0.0
2826,coccyx,0.0
2827,superior_vena_cava,0.0
2828,bowing_fracture,0.0
2829,first_cuneiform,0.0
2830,ileocecal_junction,0.0
2831,bladder_base,0.0
2832,intracortical_osteosarcoma,0.0
2833,incidental_finding,0.0
2834,fibrocartilage,0.0
2835,basis,0.0
2836,sialadenitis,0.0
2837,attenuation,0.0
2838,time,0.0
2839,right_coronary_artery,0.0
2840,allergy,0.0
2841,umbilical_cord,0.0
2842,cirrhosis,0.0
2843,tuber,0.0
2844,microcalcifications,0.0
2845,reflux_esophagitis,0.0
2846,epiphyseal_plate,0.0
2847,bronchitis,0.0
2848,invasion,0.0
2849,short_axis,0.0
2850,left_lower_quadrant,0.0
2851,thinning,0.0
2852,stenosis,0.0
2853,cholangitis,0.0
2854,ill,0.0
2855,lumbar_puncture,0.0
2856,lower_anterior_abdominal_wall,0.0
2857,venous_congestion,0.0
2858,eventration,0.0
2859,superior_oblique_muscle,0.0
2860,stromal_tumor,0.0
2861,mcburney_point,0.0
2862,unstable,0.0
2863,hallux,0.0
2864,retrograde_flow,0.0
2865,epidural_hematoma,0.0
2866,ischium,0.0
2867,flow_void,0.0
2868,thyroid_gland,0.0
2869,extremity,0.0
2870,ventricular_septum,0.0
2871,pyramids,0.0
2872,bronchus,0.0
2873,endoscopy,0.0
2874,transplantation,0.0
2875,central_venous_catheter,0.0
2876,shunt_catheter,0.0
2877,tumor,0.0
2878,lobulated_mass,0.0
2879,renal_tubule,0.0
2880,pseudotumor_cerebri,0.0
2881,corona_radiata,0.0
2882,brachium_pontis,0.0
2883,football_sign,0.0
2884,aplasia,0.0
2885,endovascular_coil,0.0
2886,nephrostomy,0.0
2887,psoas_muscle,0.0
2888,croup,0.0
2889,coalition,0.0
2890,hyperextension,0.0
2891,prostatic_urethra,0.0
2892,c1,0.0
2893,left_temporal_lobe,0.0
2894,ulcer,0.0
2895,adhesive,0.0
2896,fossa_navicularis,0.0
2897,mouth,0.0
2898,pulmonary_arteries,0.0
2899,contracted,0.0
2900,intramedullary,0.0
2901,male_breast,0.0
2902,salivary_gland,0.0
2903,cranial_nerve,0.0
2904,pathology_slides_from_tumor_board,0.0
2905,doppler,0.0
2906,stone,0.0
2907,fragmentation,0.0
2908,crescent_sign,0.0
2909,eighth,0.0
2910,feces,0.0
2911,female_external_genitalia,0.0
2912,depressed,0.0
2913,celiac_disease,0.0
2914,cloud,0.0
2915,long_axis,0.0
2916,transverse_myelitis,0.0
2917,scarring,0.0
2918,popliteal_artery,0.0
2919,rickets,0.0
2920,irregular_mass,0.0
2921,proximal_femurs,0.0
2922,ge_junction,0.0
2923,charcot_joint,0.0
2924,thoracic_region,0.0
2925,before,0.0
2926,mucocele,0.0
2927,circumscribed,0.0
2928,intratumoral,0.0
2929,piriform_sinus,0.0
2930,clivus,0.0
2931,pelvic_region,0.0
2932,ascending_colon,0.0
2933,medial_rectus_muscle,0.0
2934,sessile,0.0
2935,cerebral_hemiatrophy,0.0
2936,de,0.0
2937,stroke,0.0
2938,hemolytic_anemia,0.0
2939,neoplasm,0.0
2940,abdominoplasty,0.0
2941,silver,0.0
2942,acetabulum,0.0
2943,ethmoid_bone,0.0
2944,hydrocephalus,0.0
2945,davidoff,0.0
2946,right_hemidiaphragm,0.0
2947,carcinoma,0.0
2948,50,0.0
2949,subphrenic_abscess,0.0
2950,focus,0.0
2951,omnipaque,0.0
2952,pyramidal_tract,0.0
2953,piriformis,0.0
2954,echogenic,0.0
2955,subpleural,0.0
2956,triquetrum,0.0
2957,left_lateral_chest_wall,0.0
2958,surface,0.0
2959,heterotopia,0.0
2960,segmental,0.0
2961,retinoblastoma,0.0
2962,glenohumeral_joint,0.0
2963,hyperextension_injury,0.0
2964,hypersensitivity_angiitis,0.0
2965,axillary_region,0.0
2966,nephrolithiasis,0.0
2967,angiosarcoma,0.0
2968,fibular_head,0.0
2969,gastric_tube,0.0
2970,intercostal_space,0.0
2971,right_caudate_nucleus,0.0
2972,helix,0.0
2973,irregular,0.0
2974,hemarthrosis,0.0
2975,pleomorphic_xanthoastrocytoma,0.0
2976,gluteal,0.0
2977,splint,0.0
2978,valve,0.0
2979,ovary,0.0
2980,brachial_artery,0.0
2981,urethral,0.0
2982,dedifferentiated_chondrosarcoma,0.0
2983,mediastinal_pleura,0.0
2984,spinal_tuberculosis,0.0
2985,distorted,0.0
2986,suprapatellar_bursa,0.0
2987,molar_tooth,0.0
2988,tympanic_membrane,0.0
2989,cystic,0.0
2990,sacral_foramen,0.0
2991,s_pouch,0.0
2992,thin_section,0.0
2993,right_flank,0.0
2994,cardiovascular_complication,0.0
2995,cranial_nerve_iii,0.0
2996,segond_fracture,0.0
2997,medial_femoral_condyle,0.0
2998,pelvis,0.0
2999,retroperitoneum,0.0
3000,nasal,0.0
3001,bregma,0.0
3002,omentum,0.0
3003,encephalotrigeminal_angiomatosis,0.0
3004,spinal_cord_compression,0.0
3005,gastric_acid,0.0
3006,triceps_brachii,0.0
3007,rheumatoid_arthritis,0.0
3008,internal_capsule,0.0
3009,whirlpool_sign,0.0
3010,kasabach,0.0
3011,primary_biliary_cirrhosis,0.0
3012,massa_intermedia,0.0
3013,congenital_absence,0.0
3014,motion_abnormality,0.0
3015,transependymal,0.0
3016,subarticular,0.0
3017,duplication,0.0
3018,neuropathic_joint,0.0
3019,arthropathy,0.0
3020,ap_view,0.0
3021,extraocular_muscle,0.0
3022,nerve,0.0
3023,torso,0.0
3024,ulcerated,0.0
3025,right_tibial_metaphysis,0.0
3026,frontal_lobe,0.0
3027,varicose_vein,0.0
3028,cerebral_cortex,0.0
3029,pericarditis,0.0
3030,process,0.0
3031,schuller,0.0
3032,headache,0.0
3033,diaphragmatic_rupture,0.0
3034,innominate_vein,0.0
3035,larynx,0.0
3036,increased_intracranial_pressure,0.0
3037,coronal,0.0
3038,arthrodesis,0.0
3039,arthritis,0.0
3040,straightened,0.0
3041,humeral_metaphysis,0.0
3042,displaced,0.0
3043,neonatal,0.0
3044,lumbar_vertebral_body,0.0
3045,taylor,0.0
3046,s1_segment,0.0
3047,pneumatosis,0.0
3048,sinusitis,0.0
3049,orbits,0.0
3050,coarctation_of_aorta,0.0
3051,testis,0.0
3052,ureteral,0.0
3053,third,0.0
3054,minimum,0.0
3055,atlanto,0.0
3056,transferred,0.0
3057,ct_halo_sign,0.0
3058,meninges,0.0
3059,cloverleaf_skull,0.0
3060,mesoblastic_nephroma,0.0
3061,ureterocele,0.0
3062,spermatic_cord,0.0
3063,diffuse_axonal_injury,0.0
3064,lateral_malleolus,0.0
3065,pachymeningitis,0.0
3066,rapid,0.0
3067,transitional_cell_carcinoma,0.0
3068,midline,0.0
3069,benign_mixed_tumor,0.0
3070,pneumonitis,0.0
3071,callous,0.0
3072,nervous_system,0.0
3073,multiple_myeloma,0.0
3074,microcirculation,0.0
3075,tibiofemoral_joint,0.0
3076,ulnar_deviation,0.0
3077,measure,0.0
3078,hibernoma,0.0
3079,c4,0.0
3080,demineralization,0.0
3081,bowel,0.0
3082,morbidity,0.0
3083,impingement,0.0
3084,cord_compression,0.0
3085,sublingual_space,0.0
3086,mucinous_cystic_neoplasm,0.0
3087,skeletal_dysplasia,0.0
3088,t8_vertebral_body,0.0
3089,lobular_mass,0.0
3090,proximal_forearm,0.0
3091,bursitis,0.0
3092,iron_overload,0.0
3093,polycythemia_vera,0.0
3094,double,0.0
3095,balloon_catheter,0.0
3096,nasogastric_tube,0.0
3097,external_ear,0.0
3098,infiltrate,0.0
3099,hyperintensity,0.0
3100,catheter_angiography,0.0
3101,temporal_lobe,0.0
3102,spect,0.0
3103,wandering_spleen,0.0
3104,rett_syndrome,0.0
3105,continuous,0.0
3106,coarctation,0.0
3107,traumatic_synovitis,0.0
3108,fibromuscular_dysplasia,0.0
3109,greenstick_fracture,0.0
3110,arthritis_mutilans,0.0
3111,artery,0.0
3112,transverse_plane,0.0
3113,edema,0.0
3114,hindfoot,0.0
3115,vastus_lateralis,0.0
3116,proximal,0.0
3117,telangiectatic_osteosarcoma,0.0
3118,transperineal,0.0
3119,adhesion,0.0
3120,stent,0.0
3121,ependyma,0.0
3122,interlobular_septal_thickening,0.0
3123,transducer,0.0
3124,normal,0.0
3125,augmentation,0.0
3126,collapse,0.0
3127,aortic_coarctation,0.0
3128,nipple,0.0
3129,harris_type_iii_fracture,0.0
3130,ectopic_tissue,0.0
3131,lateral_view,0.0
3132,angioplasty,0.0
3133,upper_gi,0.0
3134,right_superior_frontal_gyrus,0.0
3135,craniocervical_junction,0.0
3136,low,0.0
3137,elbow_joint,0.0
3138,urinoma,0.0
3139,left_anterior_descending_artery,0.0
3140,epididymis,0.0
3141,nasal_bones,0.0
3142,conglomerate,0.0
3143,bright,0.0
3144,true_pelvis,0.0
3145,feature,0.0
3146,pancreas,0.0
3147,upper_abdomen,0.0
3148,skull_bones,0.0
3149,hypodense,0.0
3150,diffusion,0.0
3151,csf_leak,0.0
3152,pubic_symphysis,0.0
3153,pulse_sequence,0.0
3154,medullary_cavity,0.0
3155,uterus_didelphys,0.0
3156,asthma,0.0
3157,harris_type_i_fracture,0.0
3158,vestibular_aqueduct,0.0
3159,t12_vertebral_body,0.0
3160,distension,0.0
3161,vascular_malformation,0.0
3162,right_upper_quadrant,0.0
3163,high_attenuation,0.0
3164,scout_view,0.0
3165,thyroid_cartilage,0.0
3166,circle_of_willis,0.0
3167,fused,0.0
3168,internal_hernia,0.0
3169,urolithiasis,0.0
3170,technetium,0.0
3171,123,0.0
3172,splenium_of_corpus_callosum,0.0
3173,right_occipital_lobe,0.0
3174,midgut,0.0
3175,varicocele,0.0
3176,pleura,0.0
3177,carcinoid_tumor,0.0
3178,pituitary_gland,0.0
3179,superficial_temporal_artery,0.0
3180,washout,0.0
3181,neonatal_small_left_colon_syndrome,0.0
3182,ascending_aorta,0.0
3183,tibiotalar_joint,0.0
3184,middle,0.0
3185,air_trapping,0.0
3186,impaction,0.0
3187,arterial_segment,0.0
3188,eosinophilic_gastroenteritis,0.0
3189,radial_nerve,0.0
3190,renal_cortex,0.0
3191,serosanguinous,0.0
3192,minor_papilla,0.0
3193,orbital_prosthesis,0.0
3194,polyvinyl_alcohol,0.0
3195,hypointense,0.0
3196,limited,0.0
3197,local_recurrence,0.0
3198,blockage,0.0
3199,right_ovary,0.0
3200,fourth_ventricle,0.0
3201,neutral_position,0.0
3202,color,0.0
3203,calcaneal_tuberosity,0.0
3204,poorly_defined,0.0
3205,hypothalamus,0.0
3206,gliomatosis_cerebri,0.0
3207,operative,0.0
3208,pulmonary_veins,0.0
3209,structure,0.0
3210,dual_phase,0.0
3211,jugular_foramen,0.0
3212,meniscus,0.0
3213,corpus_callosum,0.0
3214,scleroderma,0.0
3215,eosinophilic_pneumonia,0.0
3216,telangiectasia,0.0
3217,middle_hepatic_vein,0.0
3218,sympathetic_ganglion,0.0
3219,flair,0.0
3220,renal_cell_carcinoma,0.0
3221,sinusoid,0.0
3222,containing,0.0
3223,takayasu_arteritis,0.0
3224,tilted,0.0
3225,chiari_malformation,0.0
3226,histiocytosis,0.0
3227,caliber,0.0
3228,metabolic_disease,0.0
3229,follow,0.0
3230,additional_radiology_images_from_dr,0.0
3231,fusion,0.0
3232,infiltration,0.0
3233,schlatter_disease,0.0
3234,atria,0.0
3235,intravenous_pyelography,0.0
3236,extramural,0.0
3237,liposarcoma,0.0
3238,right_humerus,0.0
3239,neuroenteric_cyst,0.0
3240,core_needle_biopsy,0.0
3241,subligamentous,0.0
3242,small,0.0
3243,spinning_top_urethra,0.0
3244,atrium,0.0
3245,soft_palate,0.0
3246,echotexture,0.0
3247,cerebellum,0.0
3248,intimal_flap,0.0
3249,foramen_ovale,0.0
3250,renal_pelvis,0.0
3251,late_onset,0.0
3252,talar_dome,0.0
3253,mastoiditis,0.0
3254,cerebral_vein,0.0
3255,proteinaceous,0.0
3256,partial_volume_averaging,0.0
3257,may_be,0.0
3258,bucket_handle_tear,0.0
3259,layered,0.0
3260,right_lower_lobe_bronchus,0.0
3261,hemangiomatosis,0.0
3262,radiculopathy,0.0
3263,seminoma,0.0
3264,aortitis,0.0
3265,clear_cell_sarcoma,0.0
3266,trident_hand,0.0
3267,globular,0.0
3268,middle_scalene_muscle,0.0
3269,hemipelvis,0.0
3270,ascending_cholangitis,0.0
3271,biliary_system,0.0
3272,ostium,0.0
3273,tuberculous_arthritis,0.0
3274,congruent,0.0
3275,venous_fistula,0.0
3276,ground_glass,0.0
3277,vocal_cord,0.0
3278,single,0.0
3279,bones,0.0
3280,superior_sagittal_sinus,0.0
3281,grouped,0.0
3282,screen,0.0
3283,meningoencephalitis,0.0
3284,mayer,0.0
3285,cardiac_gated,0.0
3286,pseudoaneurysm,0.0
3287,end_colostomy,0.0
3288,hemorrhage,0.0
3289,intraoperative,0.0
3290,undersurface,0.0
3291,megaureter,0.0
3292,trauma,0.0
3293,lesion,0.0
3294,dysembryoplastic_neuroepithelial_tumor,0.0
3295,renal_hypertension,0.0
3296,mature,0.0
3297,aspiration,0.0
3298,quadrigeminal_plate,0.0
3299,medulla,0.0
3300,pericardial_fat_pad,0.0
3301,erosive_osteoarthritis,0.0
3302,peritonitis,0.0
3303,diastrophic_dysplasia,0.0
3304,left_ovary,0.0
3305,meningioma,0.0
3306,hormone,0.0
3307,airspace,0.0
3308,translation,0.0
3309,intercondylar_fossa,0.0
3310,perpendicular,0.0
3311,ligament_of_wrisberg,0.0
3312,necrosis,0.0
3313,morquio_syndrome,0.0
3314,laryngotracheobronchitis,0.0
3315,narrow,0.0
3316,slipped_capital_femoral_epiphysis,0.0
3317,metaplasia,0.0
3318,iliac_arteries,0.0
3319,reversible,0.0
3320,tube_insertion,0.0
3321,positive_ulnar_variance,0.0
3322,op,0.0
3323,dural,0.0
3324,expansion,0.0
3325,thoracic_wall,0.0
3326,circumferential,0.0
3327,right_hemithorax,0.0
3328,pancreatitis,0.0
3329,lacunar_skull,0.0
3330,subcutaneous,0.0
3331,necrotizing_enterocolitis,0.0
3332,simple,0.0
3333,upj_obstruction,0.0
3334,phytobezoar,0.0
3335,retention_cyst,0.0
3336,cystectomy,0.0
3337,short,0.0
3338,magnetic_resonance_angiography,0.0
3339,trapezius_muscle,0.0
3340,reconstructed,0.0
3341,middle_cerebellar_peduncle,0.0
3342,isointensity,0.0
3343,posterior_cervical_space,0.0
3344,hydropneumoperitoneum,0.0
3345,biliary_tree,0.0
3346,l5_vertebral_body,0.0
3347,lateral_tubercle,0.0
3348,pleuritis,0.0
3349,hydronephrosis,0.0
3350,solid_organ,0.0
3351,laparascopic,0.0
3352,ossifying_fibroma,0.0
3353,loose_body,0.0
3354,central_nervous_system_neoplasm,0.0
3355,unknown,0.0
3356,brodie_abscess,0.0
3357,noninvasive,0.0
3358,cystic_duct,0.0
3359,gluteus_medius_muscle,0.0
3360,general_anesthesia,0.0
3361,right_mammillary_body,0.0
3362,high,0.0
3363,ependymoma,0.0
3364,chest_pain,0.0
3365,maxillary_sinus,0.0
3366,occlusion,0.0
3367,lung_apex,0.0
3368,stent_placement,0.0
3369,submucosa,0.0
3370,fifth_cervical_vertebra,0.0
3371,lumbar_spine,0.0
3372,systolic_flow,0.0
3373,fat_saturation,0.0
3374,pulmonary_vein,0.0
3375,persistent_loop_sign,0.0
3376,hypertrophic,0.0
3377,venography,0.0
3378,sternoclavicular_joints,0.0
3379,cystic_fibrosis,0.0
3380,infantile_myofibromatosis,0.0
3381,bladder_mucosa,0.0
3382,intracranial,0.0
3383,duplication_cyst,0.0
3384,attachment,0.0
3385,external_auditory_canal,0.0
3386,hyperkeratosis,0.0
3387,renal_collecting_system,0.0
3388,paraneoplastic_syndrome,0.0
3389,focal_nodular_hyperplasia,0.0
3390,angiofibroma,0.0
3391,thoracentesis,0.0
3392,obstructive_uropathy,0.0
3393,enlarged,0.0
3394,selective,0.0
3395,posterior_pituitary,0.0
3396,arthrography,0.0
3397,t4_vertebral_body,0.0
3398,surgical_procedure,0.0
3399,uremia,0.0
3400,leiomyosarcoma,0.0
3401,septal_vein,0.0
3402,cardiac_tamponade,0.0
3403,absence_of_flow,0.0
3404,neurogenic_bladder,0.0
3405,ewing_sarcoma,0.0
3406,cranial_nerve_v,0.0
3407,prosthetic,0.0
3408,contralateral,0.0
3409,trabecular_bone,0.0
3410,obstructive_hydrocephalus,0.0
3411,upright,0.0
3412,tuberosity,0.0
3413,auricular,0.0
3414,vein_of_galen,0.0
3415,lymphatic_vessels,0.0
3416,dysplasia,0.0
3417,brachiocephalic_artery,0.0
3418,pertussis,0.0
3419,external_rotation,0.0
3420,random,0.0
3421,oropharynx,0.0
3422,string_sign,0.0
3423,fontanelle,0.0
3424,echocardiogram,0.0
3425,nostril,0.0
3426,central_neurocytoma,0.0
3427,dystrophic_calcification,0.0
3428,spina_bifida,0.0
3429,subserosa,0.0
3430,left_kidney,0.0
3431,shaft_of_tibia,0.0
3432,pelvic_inflammatory_disease,0.0
3433,flexion_deformity,0.0
3434,protocol,0.0
3435,lissencephaly,0.0
3436,absent,0.0
3437,anterior_mediastinum,0.0
3438,umbilical_hernia,0.0
3439,small_finger,0.0
3440,pediatric,0.0
3441,blalock,0.0
3442,bone_grafting,0.0
3443,intervertebral_disc,0.0
3444,debakey_type_iii,0.0
3445,embolism,0.0
3446,fetal_renal_hamartoma,0.0
3447,increased,0.0
3448,shoulder_sign,0.0
3449,left_upper_quadrant,0.0
3450,pigmented_villonodular_synovitis,0.0
3451,prosthesis,0.0
3452,left_scapular_body,0.0
3453,tapvr,0.0
3454,transfer,0.0
3455,embryo,0.0
3456,linear_enhancement,0.0
3457,rheumatic_disease,0.0
3458,disrupted,0.0
3459,multiple,0.0
3460,bone_age,0.0
3461,high_grade,0.0
3462,dextroscoliosis,0.0
3463,posterior_descending_coronary_artery,0.0
3464,skin_lesion,0.0
3465,gadolinium,0.0
3466,calve,0.0
3467,renal_sinus,0.0
3468,rotary_subluxation,0.0
3469,aortic_root,0.0
3470,femur,0.0
3471,total_anomalous_pulmonary_venous_connection,0.0
3472,hepatic_portal_vein,0.0
3473,fibrous_dysplasia,0.0
3474,right_atrium,0.0
3475,mandible,0.0
3476,neuroblastoma,0.0
3477,collimator,0.0
3478,iliac_fossa,0.0
3479,proliferation,0.0
3480,extensive,0.0
3481,pick_disease,0.0
3482,term,0.0
3483,vaginal,0.0
3484,right_lateral_chest_wall,0.0
3485,arterial_switch,0.0
3486,pseudarthrosis,0.0
3487,meningitis,0.0
3488,glenn_shunt,0.0
3489,early_complication,0.0
3490,bowing,0.0
3491,temporal_pole,0.0
3492,vertebral_endplate,0.0
3493,right,0.0
3494,meckel_diverticulum,0.0
3495,upper,0.0
3496,xiphoid_process,0.0
3497,conventional_radiography,0.0
3498,capillary,0.0
3499,report,0.0
3500,extraperitoneal,0.0
3501,syndesmosis,0.0
3502,ischemia,0.0
3503,male_urethra,0.0
3504,popliteal_fossa,0.0
3505,hitchhiker_thumb,0.0
3506,didelphys,0.0
3507,linear,0.0
3508,person,0.0
3509,hypoplastic_left_heart_syndrome,0.0
3510,symptom,0.0
3511,intraduodenal,0.0
3512,intraovarian,0.0
3513,ankle,0.0
3514,radiography,0.0
3515,clinical_information,0.0
3516,platysma,0.0
3517,bland,0.0
3518,taussig_shunt,0.0
3519,pancreatic_duct,0.0
3520,anterior_tibial_spine,0.0
3521,medulloblastoma,0.0
3522,human_body,0.0
3523,medication,0.0
3524,myometrium,0.0
3525,radiopharmaceutical,0.0
3526,clear_cell_chondrosarcoma,0.0
3527,prostate_gland,0.0
3528,left_lateral_decubitus,0.0
3529,periosteal_osteosarcoma,0.0
3530,complete,0.0
3531,air_containing,0.0
3532,apical,0.0
3533,ruptured,0.0
3534,curved,0.0
3535,splenomegaly,0.0
3536,anesthesia,0.0
3537,cholecystectomy,0.0
3538,host_disease,0.0
3539,disorder_of_bone,0.0
3540,atherectomy,0.0
3541,fistula,0.0
3542,gender,0.0
3543,decreasing,0.0
3544,anterior_ethmoid_air_cells,0.0
3545,index_finger,0.0
3546,ovaries,0.0
3547,limited_evaluation,0.0
3548,fibroblastic_meningioma,0.0
3549,residual,0.0
3550,dementia,0.0
3551,lordosis,0.0
3552,sclerotic,0.0
3553,french,0.0
3554,labyrinthitis,0.0
3555,sympathetic_nervous_system,0.0
3556,pyriform_sinus,0.0
3557,minor_salivary_gland,0.0
3558,cartilage,0.0
3559,lateral_femoral_condyle,0.0
3560,scalene_muscle,0.0
3561,closed_loop_obstruction,0.0
3562,aortic_stenosis,0.0
3563,nodule,0.0
3564,thyroglossal_duct_cyst,0.0
3565,myelinolysis,0.0
3566,celiac_axis,0.0
3567,hypertension,0.0
3568,pylorus,0.0
3569,ulnar_nerve,0.0
3570,follow_up,0.0
3571,fluid_level,0.0
3572,tubercle,0.0
3573,enchondromatosis,0.0
3574,left_coronary_artery,0.0
3575,arachnoid_villus,0.0
3576,cerebral_hemisphere,0.0
3577,multiple_sclerosis,0.0
3578,paralysis,0.0
3579,basilar,0.0
3580,pulmonary_hypertension,0.0
3581,t9_vertebral_body,0.0
3582,turbid,0.0
3583,hiatal_hernia,0.0
3584,artifact,0.0
3585,villous_adenoma,0.0
3586,common_duct,0.0
3587,femoral_neck,0.0
3588,occiput,0.0
3589,trochlea,0.0
3590,varices,0.0
3591,lower_esophageal_sphincter,0.0
3592,mesenchymal_chondrosarcoma,0.0
3593,fallopian_tube,0.0
3594,ribbon_ribs,0.0
3595,donor,0.0
