versus,0
shoulder_girdle,0
oligemia,0
olfactory_groove,0
restrictive,0
smooth_muscle_tumor,0
retina,0
myxoid_liposarcoma,0
temperature,0
mucinous,0
horseshoe_kidney,0
monteggia_fracture,0
organ_system,0
skeletal_survey,0
infant,1
atlas,0
hirschsprung_disease,0
venous_flow,17
diaphyseal_fracture,0
hypoenhancing,0
shadowing,0
rounded,2
nasopharynx,0
duodenum,0
cutaneous,0
arteriovenous_malformation,0
incomplete_lissencephaly,0
graft,0
melanotic_schwannoma,0
reported,6
ultrasonography,1
cardiac_apex,0
viable,5
clubbing,0
axillary_artery,0
aspiration_of_fluid,0
posterior_vertebral_scalloping,0
gallbladder_wall,0
hypo,0
expiration,0
female_urethra,0
solitary_bone_cyst,0
sacrum,0
parenteral,0
pulmonary_hemorrhage,0
dysphagia,0
hilum,1
radial,0
serous_sac,0
sprengel_deformity,0
solid_and_papillary_epithelial_neoplasm,0
basilar_artery,0
axial_plane,0
oral_cavity,0
portable,0
pia_mater,0
diameter,0
susceptibility_artifact,0
epiglottitis,0
distended,0
healed,0
aerated,0
quadriceps_muscle,0
alignment,0
articular_cartilage,0
bearing,0
intramedullary_space,0
hepatitis,0
hypertrophy,0
smooth,3
graft_versus_host_disease,0
mitral_valve,0
fetal_hydrops,0
t2_hyperintensity,0
encephalomalacia,0
left_superior_intercostal_vein,0
monoarticular,0
congenital,0
partial_anomalous_pulmonary_venous_return,0
synthetic_graft,0
right_lateral_ventricle,0
satisfactory,0
sporadic,0
middle_cerebral_artery,0
retropharyngeal_space,0
small_intestine,1
probable,0
chemo,0
ground_glass_attenuation,0
t2,0
deltoid,0
staghorn_calculus,0
thyroid_cancer,0
polyarticular,0
sacral_region,0
mullerian_duct_cyst,0
inspiration,0
intravenous,0
larsen,0
hemangioma,0
longitudinal,0
demyelination,0
lymphatic_duct,0
abdominal_wall,1
orbital_pseudotumor,0
toddler_fracture,0
enterostomy,0
pericardium,0
caudate_nucleus,0
tunnel_view,0
beak_sign,0
high_risk,0
right_clavicle,0
ossification,0
intrapericardial,0
atherosclerosis,0
port,0
transverse_ligament,0
endotracheal,0
chemical_shift_artifact,0
barium,0
patellar_apex,0
neurocutaneous_syndrome,0
second_toe,0
lucent,0
treatment,5
ununited,0
at_rest,0
small_joint,0
sacral_nerve,0
thoracic_cavity,0
bursa,0
motor_cortex,0
meningocele,0
skeletal_system,0
nasoenteric_feeding_tube,0
ptosis,0
calcifications,0
calyx,0
regeneration,0
intraabdominal,0
inguinal_canal,3
disease_progression,0
heart,0
infusion,0
paraovarian,0
osteolytic,0
oblique_view,0
vascularity,6
corrected,0
thrombus,0
lower_abdomen,1
lymphangiectasia,0
perineuroma,0
interstitial_disease,0
lymphangioma,0
specimen,0
gluteus_maximus,0
right_vastus_lateralis,0
pneumonia,0
anterior_commissure,0
vagina,0
contusion,0
detrusor,0
tumor_board_presentation_by_dr,0
homogeneous,3
long_bone,0
arcuate,0
lacunar,0
right_semimembranosus,0
codman_triangle,0
wine_stain,0
degenerative_disk_disease,0
contracture,0
abducens_nerve,0
clavicle,0
dtpa,0
intraarticular_fracture,0
cavoatrial,0
sinus_tract,0
first_finger,0
cervical_vertebral_body,0
endometrial_cavity,0
double_wall_sign,0
craniosynostosis,0
newborn,6
endoscopic,0
tc,0
malrotation,0
neutral,0
elevated,0
multidetector,0
diaphragm,0
hematoma,13
perivascular,0
inferior_abdominal_wall,0
cardiovascular_system,0
descending_aorta,0
intramural,0
spr2006,0
lungs,0
inferior_pubic_ramus,0
dysgerminoma,0
diaphysis,0
narrowed,0
appendicular_skeleton,0
bicipital_tuberosity,0
achondroplasia,0
arteries,2
subfalcine_herniation,0
sartorius,0
suspicious,0
incomplete,2
fractured,0
density,0
first_digit,0
hyoid_bone,0
malignancy,1
aspiration_of_water,0
clustered,0
floor,0
umbilical_arterial_catheter,0
tunica_albuginea,6
cranial,0
cul,0
invagination,0
subtalar_joint,0
cecum,0
disappearance,0
narrowing,0
interstitium,0
kikuchi_disease,0
mucopolysaccharidosis,0
spondylolisthesis,0
buccal,0
lymphadenopathy,0
oxycephaly,0
parotid_gland,0
subarachnoid_hemorrhage,0
crohn_disease,0
chondrolysis,0
pneumatocele,0
consult,0
adjacent,8
axilla,0
dura_mater,0
carpal_tunnel,0
micronodular,0
intermediate_signal_intensity,0
interatrial_septum,0
urography,0
dissection,0
early_arterial_phase,0
serous,0
lateral_rotation,0
echo_time,0
cerebellar_white_matter,0
choroid_plexus_carcinoma,0
superficial_femoral_artery,0
fat_suppression,0
pyonephrosis,0
epidural_anesthesia,0
hard_palate,0
foregut,0
mixed_echogenicity,0
acetabular_fossa,0
adrenal_gland,0
septated,0
scheuermann_disease,0
partially,10
olecranon_process,0
gi_bleed,0
thromboembolism,0
enhancement_pattern,0
claw_hand,0
finger,0
t2_weighted,0
femoral_head,0
atypical_teratoid_rhabdoid_tumor,0
segment_of_aorta,0
pericardial_effusion,0
common_carotid_artery,0
stomach,0
vas_deferens,0
sclerosing_osteomyelitis,0
femoral_vein,0
click_here_for_video_of_mri_images,0
carotid_arteries,0
discoid,0
contrast,0
hyperflexion,0
acromegaly,0
antegrade,0
low_dose,0
intracavitary,0
ethmoid_sinus,0
contrast_agent,0
ovarian_stroma,3
septal,0
diffuse_idiopathic_skeletal_hyperostosis,0
anastomosis,0
post_contrast,1
round_window,0
meniscal_cyst,0
suppression,0
guillain,0
definite,2
intraperitoneal,1
right_heart_failure,0
bilateral,18
thickening,14
autoimmune_disease,0
dermatomyositis,0
adult,0
osteopetrosis,0
gastrocnemius_muscle,0
fingers,0
external,0
minor,0
embryonal_carcinoma,0
lobulated,0
transpleural,0
minimal,1
occipital_cortex,0
fibular_collateral_ligament,0
spasm,0
serpentine,0
hypointensity,0
preoperative,0
trochlear_groove,0
polycystic_kidney_disease,0
eroded,0
talocalcaneal_joint,0
antrum,0
haustra,0
hypoglycemia,0
transurethral,0
average,2
whirlpool,0
anteater_sign,0
parapharyngeal_space,0
ischemic,10
fluoro,0
disrupted,0
utricle,0
laryngeal_cartilage,0
isoechoic,5
opacity,0
rectus_femoris_muscle,0
grey_matter,0
fracture_dislocation,0
transplacental,0
noncalcified,0
letterer,0
l2_vertebral_body,0
abdomen,7
continuous_diaphragm_sign,0
myositis,0
necrotizing_fasciitis,0
high_resolution,0
obstruction,5
sepsis,0
radical,0
obstructive_jaundice,0
medial_malleolus,0
partial,3
polypoid,0
posterior_urethral_valve,0
cervical_ribs,0
hemoperitoneum,0
overuse,0
pachygyria,0
verumontanum,0
diverticulitis,0
hypovascular,0
exudate,0
paracolic_gutters,0
anterior_urethra,0
metallic,0
centrum_semiovale,0
pinna,0
choroid,0
displacement,2
left_scapula,0
retracted,0
heterogeneous_enhancement,0
venous_malformation,0
superior_pubic_ramus,0
distal_epiphysis,0
ureter,0
complication,0
cystic_disease,0
lipid,0
lambdoid_suture,0
occlusive,0
pheochromocytoma,0
decubitus,0
pharyngeal_pouch,0
left_optic_nerve,0
anterior,5
tenth,0
bacterial_infection,0
lordotic,0
raised_intracranial_pressure,0
bone_graft,0
oligodendroglioma,0
beam_hardening_artifact,0
99m_mdp,0
chyle,0
magnetic_resonance_imaging,0
hurler_syndrome,0
lung_parenchyma,0
left_paraspinal_line,0
procedure,0
brachial_plexus,0
gastroesophageal_junction,0
guidance,0
metabolic_bone_disease,0
fourth_digit,0
eyelid,0
child_abuse,0
diffuse,0
polymicrogyria,0
lacrimal_bone,0
paraaortic,0
left_knee,0
frontal_sinus,0
torcular_herophili,0
fissure,0
lupus,0
radiopaque,0
restricted_diffusion,0
extended,0
uterine_horn,0
epithelium,0
abortion,0
side_effect,0
hepatoblastoma,0
empty_delta_sign,0
transection,0
gallstone_ileus,0
globe,0
axial_skeleton,0
boutonniere_deformity,0
muscularis,0
diastolic_flow,0
anechoic,3
left_superior_frontal_gyrus,0
secretory,0
umbilical_venous_catheter,0
parietal_lobe,0
choledocholithiasis,0
vascular_anomaly,0
femoral,0
iliacus_muscle,0
cartilaginous_tissue,0
sufficient,0
sunburst_pattern,0
end_plate,0
terminal_ileum,0
diagnosis,35
gynecomastia,0
mylohyoid_muscle,0
suboptimal,0
congestive,0
resorption,0
myelofibrosis,0
atelectasis,0
weight_bearing,0
click_here_for_tumor_board_presentation_of_this_case,0
l2,0
adrenal_cortex,0
fracture,0
stellate,0
shunt,0
cerebrospinal_fluid,0
posterior_cerebral_artery,0
direct_extension,0
intrapulmonary,0
poisoning,0
brisk,0
hernia_through_foramen_of_morgagni,0
fine_linear,0
joubert_syndrome,0
uterine_adnexa,4
left_hemidiaphragm,0
cranial_base,0
arterial_system,0
ectasia,0
water_density,0
sylvian_fissure,0
ectopic_kidney,0
to,0
heart_failure,0
keyhole,0
distal_tibia,0
union,0
angiomyolipoma,0
lower_extremity,0
germ_cell_neoplasm,0
left_thyroid_lobe,0
extraaxial,0
aponeurosis,0
second_digit,0
acetabular_labrum,0
phlebitis,0
fourth,0
lateral_cuneiform,0
intradural_space,0
rheumatoid,0
velocity,0
leg_length,0
mitral_valve_regurgitation,0
tomography,0
costophrenic_angle,0
lytic,0
cuboid,0
volvulus,0
hernia_through_foramen_of_bochdalek,0
retroversion,0
sling,0
transposition_of_great_vessels,0
interstitial_emphysema,0
porta_hepatis,0
osteitis,0
pleural_cavity,0
interspinous_ligament,0
subpleural_region,0
seronegative_spondyloarthropathy,0
well,4
femoral_artery,0
dyke,0
lateral_horn,0
pineocytoma,0
fibrolipoma,0
tooth,0
probably,2
granuloma,0
csf_flow,0
lingual_tonsil,0
peritoneal_cavity,1
carpal_bone,0
extramedullary_hematopoiesis,0
carina,0
hepatoma,0
abdominal_cavity,1
fibrous,0
rheumatoid_nodule,0
mature_teratoma,0
suprasellar,0
tissue,20
up,0
pharynx,0
shortness_of_breath,0
great_cerebral_vein,0
medullary_nephrocalcinosis,0
please_click_here_for_link_to_tapvr_quicktime_movie,0
cystic_partially_differentiated_nephroblastoma,0
poorly,0
anteroinferior_iliac_spine,0
little_finger,0
posterolateral,4
sharp,0
radiation_enteritis,0
cranial_nerve_v,0
transverse_mesocolon,0
embryonal_cell_carcinoma,0
cruciate_ligament,0
lipoma,0
renal_medulla,0
renal_failure,0
ureteral_reimplantation,0
hemangiopericytoma,0
pars_interarticularis,0
cortical_bone,0
asymptomatic,3
genitourinary_system,0
appendicitis,8
maximum,1
tendon_sheath,0
ligament_of_treitz,0
_images_1,0
transplanted_organ,0
common_femoral_artery,0
topical,0
lipomatosis,0
sialodochitis,0
anastomotic_leak,0
splenic_vein,0
gastric_bypass,0
cisterna_magna,0
splenic_flexure,0
degeneration,0
pseudo,0
asymmetry,0
subependymal_giant_cell_astrocytoma,0
hydrocele,20
neurofibromatosis_type_1,0
sella_turcica,0
dislocation,0
cochlear_implant,0
osteochondroma,0
typhlitis,0
imaging_modality,0
supine,0
pulmonary_edema,0
hepatic_vein,0
pulmonic_valve,0
arteritis,0
ventriculitis,0
uterine_didelphys,0
sixth,0
presacral_space,0
forefoot,0
sella,0
septal_defect,0
parallel,0
pancreatoblastoma,0
white_matter_of_left_frontal_lobe,0
place,0
amygdala,0
assessment,1
fontan_procedure,0
phosphorus,0
azygos_continuation,0
hodgkin_lymphoma,0
cochlea,0
lymphosarcoma,0
internal_auditory_canal,0
lateral_recess,0
left_main_bronchus,0
hindgut,0
transverse_process,0
submucosal,0
melanoma,0
pedunculated,3
pleural_effusion,0
femoral_diaphysis,0
enteric_nervous_system,0
hepatocellular_carcinoma,0
lamina,0
insufficient,0
inguinal_region,2
barre_syndrome,0
geographic,0
neoplasma,0
multilocular,0
wrist,0
sunrise_view,0
membranous_urethra,0
rhabdomyosarcoma,4
mandibular_rami,0
transarterial,0
sturge,0
chondroid,0
intravascular,0
ring_finger,0
thrombophlebitis,0
oropharyngeal,0
carbon,0
peritoneum,1
leakage,0
navel,0
intratesticular,9
hyperbilirubinemia,0
wegener_granulomatosis,0
weight,0
chondromalacia,0
hemangioblastoma,0
healing,0
tuber_cinereum,0
adenitis,0
hypotension,0
anterior_tibial_tubercle,0
apophysitis,0
pulsatile,0
ground,0
block_vertebra,0
sickle_cell_disease,0
caroli_disease,0
infectious_arthritis,0
esophagus,0
grayscale_ultrasound,2
lateral_rectus_muscle,0
vestibule,0
pallidum,0
mesenchymal_hamartoma,0
definitely,1
choledochal_cyst,2
redistribution,0
retinopathy_of_prematurity,0
gray_matter,0
lymphoproliferative_disorder,0
seminal_vesicle,0
berry_aneurysm,0
fatty,0
almost_certainly,0
hepatic_encephalopathy,0
hammer,0
symptomatic,4
deep_vein_thrombosis,0
interstitial_lung_disease,0
median,0
ossified,0
right_temporal_lobe,0
otitis,0
acute_abdomen,0
subperiosteal_space,0
involution,0
thalassemia,0
renal_lobe,0
liver_disease,0
proteinuria,0
angio,0
central_nervous_system,0
second,3
round_mass,0
cervical_spine,0
left_renal_artery,0
oval_window,0
missile,0
transplant,0
uterine_artery,3
congenital_stenosis,0
rings_and_arcs,0
synovial_osteochondromatosis,0
facet_joint,0
vertebral_artery,0
retrolisthesis,0
upper_limb,0
infarction,3
fibrosis,0
sinuses,0
frontal_projection,0
regurgitation,0
mr_imaging,0
sclera,0
cystitis_glandularis,0
perineum,0
route_of_administration,0
renal_hilum,0
non,0
medial_tibial_spine,0
beaded,0
hypervascular,0
facial_bones,0
cherubism,0
decussation,0
iliopsoas,0
pancreatic_ducts,0
fibroid,0
whole_body,0
hemithorax,0
chest,0
philtrum,0
varus_deformity,0
nonbilious,0
glomus_tumor,0
intradural,0
noncommunicating_hydrocephalus,0
cesarean_section,0
c5_vertebra,0
chorion,0
medial_patellofemoral_ligament,0
vertebral_column,0
therapy,5
chest_wall,0
shifted,0
mixed_lytic_and_sclerotic,0
dystrophic,0
patellar_tendon,0
right_upper_lobe_bronchus,0
spondyloarthropathy,0
drainage,4
emphysema,0
pancreatic_tail,0
tendonitis,0
sialography,0
astrocytoma,0
mesencephalon,0
lead_poisoning,0
amyloidosis,0
diminished,0
pancake_kidney,0
amylase,0
cystography,0
hyaline_cartilage,0
humeral_epiphysis,0
aspergillosis,0
uterus,16
medial_meniscus,0
s1,0
juvenile_xanthogranuloma,0
gi_tract,0
left_hemiscrotum,1
babygram,0
visceral_pleura,0
gastric_fundus,0
l5,0
triple_phase,0
fifth_digit,0
quadriceps_tendon,0
right_kidney,2
meconium,0
spine,0
engorged,6
tongue,0
fusiform_aneurysm,0
fluoroscopy,0
small_bowel,0
gonadal_dysgenesis,0
t1,0
systemic_artery,0
scala_tympani,0
hemosiderosis,0
conus_medullaris,0
benign,1
atrial_septum,0
orbital_septum,0
margin,0
organ,1
synostosis,0
pharyngitis,0
sacroiliac_joint,0
fusiform,0
keratosis_obturans,0
seizure,0
intragastric,0
gaucher_disease,0
left_subclavian_artery,0
too_little,0
intense,0
anal_sphincter,0
neurenteric_cyst,0
focal,0
expanded,0
gastrointestinal_system,0
pathologic_fracture,0
endocardium,0
facial_nerve,0
ectopia,0
like,0
convex,0
not_seen,0
peritoneal_fluid,0
segment_of_colon,0
radiotherapy,0
skin_thickening,3
reversal_sign,0
aorta,0
uptake,0
goiter,0
cystitis,0
dental,0
buckle_fracture,0
infundibulum,0
thymic_cyst,0
villonodular_synovitis,0
olive,0
pituitary,0
anteroposterior_projection,0
needle,0
musculoskeletal_system,0
bile_duct,1
left_costophrenic_sulcus,0
subarachnoid_space,0
congenital_malformation,0
fracture_nonunion,0
designation,0
carotid_canal,0
fallopian_tubes,0
left_lateral_ventricle,0
cricoid_cartilage,0
routine,0
clitoris,0
standing,0
nuclear,0
posterior_interosseous_nerve,0
trachea,0
neonate,1
dissociation,0
left_parietal_lobe,0
ligament,3
germinoma,0
tumoral_calcinosis,0
arterial_flow,11
venous_thrombosis,0
clear_cell_carcinoma,0
peristalsis,0
temporal_bone,0
forearm,0
vertebral_body,0
rectum,2
left_frontal_lobe,0
enterography,0
osteoma,0
vertebra,0
paranasal_sinuses,0
basal_ganglia,0
radial_head,0
right_hippocampus,0
convexity,0
malignant_melanoma,0
greater_omentum,0
superior_rectus_muscle,0
hypoechoic,13
inferior_mesenteric_vein,0
radial_deviation,0
prostate,0
defined,4
septa,0
uncal_herniation,0
annulus_fibrosus,0
heterogenously_echogenic,0
skull_base,0
lymphangiectasis,0
right_frontal_lobe,0
fine_needle_aspiration,0
mixed_germ_cell_tumor,0
fixed,0
cingulate_gyrus,0
supraclinoid,0
serous_fluid,0
thalassaemia,0
ejection_fraction,0
kerley_lines,0
ablation,0
parathyroid_gland,0
renal_artery,0
parotid,0
orthogonal,0
regional,0
osteochondrosis,0
popcorn,0
subglottic_stenosis,0
posterior_fossa,0
arachnoiditis,0
occipital_region,0
click_here_for_cine_of_series_3,0
amorphous,0
concentric,0
prolapse,0
chance_fracture,0
shallow,0
right_side,0
mesenteritis,0
glioblastoma_multiforme,0
splenectomy,0
fibroma,0
injury,0
heart_disease,0
right_minor_fissure,0
air,0
porion,0
transtentorial_herniation,0
vomiting,12
progressive,0
right_lung,0
right_costophrenic_sulcus,0
clinical_success,0
aneurysm,0
hernia,1
seronegative,0
delayed,8
biopsy,0
mucinous_cystadenoma,0
total_anomalous_pulmonary_venous_return,0
iatrogenic,0
platysma_muscle,0
enteric_ganglion,0
teratoma,0
occipital_lobe,0
amount,5
osteochondromatosis,0
indication,0
constipation,1
suprarenal,0
spinal_column,0
deformity,14
infection,0
harris_type_iv_fracture,0
neurohypophysis,0
thickened,8
loop_obstruction,0
frontal_bone,0
femoral_epiphysis,0
left_posterior_pararenal_space,0
sigmoid_sinus,0
embolus,0
epiphysis,0
on_a_stalk,0
popliteal_region,0
maxilla,0
sheath,0
strain,0
axial_joint,0
intervention,7
side,0
blind_pouch,0
advanced,0
tracheoesophageal_fistula,0
disappeared,0
pre,0
ray,0
intact,0
mineralization,0
castleman_disease,0
aqueduct,0
subdural,0
urinary_tract,0
lateral_collateral_ligament,0
three_sign,0
superior_mesenteric_vein,0
asymmetrical,0
midbrain,0
retrobulbar,0
groin,2
germ_cell,0
injection,0
atresia,0
subarachnoid,0
osteolysis,0
ferguson,0
sphincterotomy,0
decubitis,0
center,0
suction,0
constricted,0
left_hemithorax,0
medullary_carcinoma,0
upper_gi_series,0
anterior_longitudinal_ligament,0
green,0
main_bronchus,0
middle_ear_cavity,0
joint_capsule,0
dictated,0
cystotomy,0
effusion,0
microlithiasis,0
liquid,0
motion,0
review,2
blood_vessels,0
total,0
feeding_artery,0
intraspinal,0
lateral_mass,0
band_heterotopia,0
cardiac_chamber,0
dizziness,0
unexpected_finding,0
vessels,4
appendicolith,0
dilation,0
blount_disease,0
abdominal_musculature,0
parotitis,0
tumor_embolism,0
madelung_deformity,0
subluxation,0
asplenia,0
histiocytosis_x,0
conjunctival,0
parathyroid,0
base_of_heart,0
pneumopericardium,0
isotropic,0
transcatheter,0
trunk,0
motility,1
right_scapula,0
subdural_hematoma,0
known,2
tibia,0
trisomy_18,0
carpus,0
equivocal,0
punctate,0
radius,0
inflated,0
fibula,0
polymyositis,0
bamboo_spine,0
epigastric_region,0
flattened,0
right_lateral_decubitus_position,0
epidermoid,0
cranial_nerve_vi,0
airway,0
superior_orbital_fissure,0
osteoblastoma,0
jaundice,0
eaten_pattern,0
gas,0
inversion_recovery,0
transverse_sinus,0
ossicle,0
round,3
sodium,0
arytenoid_cartilage,0
bladder,3
paranasal_sinus,0
pulmonary_blastoma,0
myxoma,0
endolymphatic_duct,0
auricular_cartilage,0
nodular_ganglioneuroblastoma,0
decreased,24
tarsal_navicular,0
granulation_tissue,0
endolymphatic_sac,0
interhemispheric_fissure,0
erect,0
right_superior_pulmonary_vein,0
serpiginous,0
hip_joint,0
dilated_cardiomyopathy,0
projection,0
hypertrophic_obstructive_cardiomyopathy,0
ct,0
prepared,0
c3,0
inferolateral,0
upper_trunk,0
osteomyelitis,0
myocardium,0
indolent,0
suprascapular_nerve,0
intraluminal,0
multisystem_disorder,0
lymph_node_enlargement,0
epicardium,0
indistinct,0
posterior_tibial_tendon,0
cystourethrography,0
peptic_ulcer,0
empyema,0
unilocular,0
symmetric,0
gallstone,0
osteoid_osteoma,0
olecranon,0
right_main_bronchus,0
sternocleidomastoid_muscle,0
sebum,0
testicles,4
legg,0
para,0
cementoma,0
residual_disease,0
excellent,1
apophysis,0
umbilical_vein,0
medulla_oblongata,0
compressed,0
supine_position,0
vasospasm,0
phrenic_nerve,0
thymic_sail_sign,0
bony_labyrinth,0
hypoglossal_canal,0
epidural,0
superior,11
pulmonary_embolism,0
vestibulocochlear_nerve,0
scapular_body,0
left_c,0
achalasia,0
glioma,0
greater_sciatic_foramen,0
unfused,0
pancreatic_islet,0
tarsal_bone,0
spontaneous,3
anterior_pararenal_space,0
inhalation,0
composition,0
ventriculoperitoneal_shunt,0
emphysematous,0
hyperflexion_injury,0
shoulder,0
spinal_canal,0
spinous_process,0
descending_thoracic_aorta,0
vertex,0
neural_foramen,0
caudal,0
superolateral,0
popliteus_muscle,0
maybe,0
pulmonary_artery,0
adrenal_cortical_adenoma,0
truncus,0
left_inguinal_region,0
endometriosis,5
swallowing,0
orchiectomy,0
breast_mass,0
endoleak,0
restricted_motion,0
computed_tomography,0
left_pulmonary_artery,0
papilloma,0
bladder_neck,0
coracoid_process,0
seventh,0
bilirubinemia,0
pouch_of_douglas,0
scaphocephaly,0
hydromyelia,0
carpometacarpal_joint,0
tillaux_fracture,0
right_renal_vein,0
ureterovesical_junction,0
bronchiolitis,0
tortuous,0
osteochondritis,0
functional,0
bourneville_disease,0
thick,1
cholangiography,0
uncertain,2
renal_pedicle,0
popliteal_vein,0
cavernous_sinus,0
absence,14
bulging_disc,0
extradural_space,0
hepatic_flexure,0
idiopathic_intracranial_hypertension,0
measurement,0
ischemic_necrosis,0
left_flank,0
lunate_bone,0
chemotherapy,0
tarsal_coalition,0
connective_tissue,0
caseating,0
patient_age,0
duodenojejunal_junction,0
infero,0
meconium_ileus,0
insignificant,0
central,9
scattered,2
triangle_sign,0
malignant_peripheral_nerve_sheath_tumor,0
rhabdomyolysis,0
lipoblastomatosis,0
inferior_olivary_nucleus,0
pancreatectomy,0
too_much,0
breast_cancer,0
articular_capsule,0
reticular_formation,0
subdural_space,0
interventricular_septum,0
cervical_fascia,0
mastoid,0
order,0
moth,0
renovascular_hypertension,0
medial_tubercle,0
kawasaki_disease,0
bilious,0
incarcerated_hernia,0
renal_agenesis,0
herniorrhaphy,0
ulnar,0
umbilicus,0
dens_fracture,0
cleavage,0
costal_cartilage,0
synovial_cyst,0
unilateral,5
abscess,5
erlenmeyer_flask_deformity,0
sclerosis,0
tubular_structure,0
intraaxial,0
middle_aortic_syndrome,0
coronal_suture,0
child,1
nephropathy,0
obscured,0
turbulent_flow,0
subcentimeter,0
penis,0
radiation_therapy,0
calcification,0
post,2
forceps,0
anaplastic_astrocytoma,0
pineoblastoma,0
infertility,0
twin_pregnancy,0
neurogenic_sarcoma,0
peripheral,21
proton_density,0
superior_mesenteric_artery,0
cystic_nephroma,0
osteotomy,0
renal_cyst,0
fallen_fragment,0
biliary,0
trapezoid,0
appendectomy,0
osseous,0
reticular,0
early_onset,0
hand,0
lateral_tibial_plateau,0
right_pulmonary_artery,0
plasma_cell_granuloma,0
relapsing_polychondritis,0
border,2
metopic_suture,0
scoliosis,0
atypical,0
morgagni_hernia,0
enteric_fistula,0
uterine_fundus,0
musculature,0
kidney,0
spin_echo,0
veins,1
right_cerebral_peduncle,0
muscle_layer,0
dolicocephaly,0
septate,2
intrahepatic_cholangiocarcinoma,0
shear_injury,0
retrolental_fibroplasia,0
implant,0
nasal_cavity,0
choroid_plexus,0
urinary_diversion,0
foramen_cecum,0
leiomyoma,0
retraction,0
pineal_gland,0
t1_weighted,0
ovoid,0
clamp,0
morquio_disease,0
ileostomy,0
medium,0
lymph_node,0
inferior,1
area_of_enhancement,0
contamination,0
perilymphatic,0
left_shunt,0
complicated,1
anterior_cerebral_artery,0
foreign_body,0
occlusive_disease,0
open_surgical,0
human,0
lower,15
sickle_cell_anemia,0
ovarian_cyst,24
rugger_jersey_spine,0
changed,0
pericardiocentesis,0
alobar,0
middle_meningeal_artery,0
superficial_palmar_arch,0
ictal,0
suture,0
agyria,0
cerebral_palsy,0
large,18
laceration,0
epithelioid_hemangioendothelioma,0
female,14
prepontine_cistern,0
joint,0
smaller,1
foramen_magnum,0
lunate,0
papillary_muscle,0
optic_nerve,0
partial_anomalous_pulmonary_venous_connection,0
fifth,2
lumen,0
gastrointestinal_tract,0
chondrosarcoma,0
echocardiography,0
disk_kidney,0
nucleus_pulposus,0
fascia,0
sulfur,0
renal_fascia,0
water_soluble_contrast,0
low_density,1
periosteal_reaction,0
intralesional,0
contrast_barium_enema,0
delayed_enhancement,0
complete_evaluation,0
lingula,0
salter,0
unchanged,0
intima,0
hamate,0
wedge,0
masson_syndrome,0
cavernous_malformation,0
optiray,0
prevertebral_space,0
third_cuneiform,0
blood,31
rectangular,0
tibial_metaphysis,0
simple_bone_cyst,0
inferior_vena_cava,0
diverticulum,0
infarct,1
supratentorial,0
remodeling,0
interphalangeal_joint,0
medullary_sponge_kidney,0
intraparenchymal,0
central_enhancement,0
copper,0
thymoma,0
infrarenal,0
death,0
iodine,0
right_parietal_lobe,0
mps_iv,0
ileum,0
rotatory_subluxation,0
ollier_disease,0
angulated,0
plantar_aponeurosis,0
stroma,3
extravasation,0
reconstruction,0
inhomogeneous,2
right_shunt,0
bulky,0
agenesis,0
ganglioglioma,0
elliptical,0
neural_tissue,0
drainage_catheter,0
motor_dysfunction,0
idiopathic,2
neonatal_hepatitis,0
meatus,0
placenta,0
air_contrast,0
nasal_bone,0
sympathetic_chain,0
duodenitis,0
testes,7
internal_jugular_vein,0
video,0
esophagogastric_junction,0
hypertrophic_cardiomyopathy,0
closed,0
neural_tube_defect,0
right_cerebral_hemisphere,0
staghorn_calculi,0
gastroenteritis,0
cavernous_angioma,0
perineural,0
lobular,0
colitis,0
thoracic_inlet,0
mastoid_process,0
kimura_disease,0
l3_vertebral_body,0
shoulder_joint,0
pneumoconiosis,0
subtalar_coalition,0
uterine_cavity,0
vermis,0
late_complication,0
gluteus_medius,0
common_iliac_artery,0
corpus_spongiosum,0
no_change,1
contra,0
radiolunate_joint,0
otosclerosis,0
antibiotic,0
blurring,0
horizontal,0
oxygen,0
vascular_pedicle,3
sigmoid_colon,0
synovial_sarcoma,0
pleomorphic,0
right_hemicolectomy,0
encephalopathy,0
thymus,0
intrathecal,0
prominent,8
valvular_heart_disease,0
stricture,0
surgical_approach,0
patulous,0
permeative,0
partial_cystectomy,0
cerebral_white_matter,0
pet,0
cardiac_failure,0
ulnar_head,0
rootlets,0
duodenal_bulb,0
cerebritis,0
liver_mass,0
scapula,0
water,0
posterior_ribs,0
open_mouth,0
cholangiocarcinoma,0
abdominal_aorta,0
epidermoid_cyst,0
left_upper_lobe_bronchus,0
vomer,0
brown,0
nephrectomy,0
renal_parenchyma,0
eggshell,0
orthopedic_surgery,0
left_upper_lobe,0
thoracic_mass,0
dermoid_cyst,0
hypoperfusion,0
ossific,0
ulnar_styloid,0
periarticular,0
serrated,0
plantar_arch,0
pa_view,0
previous,2
clear_cell_ependymoma,0
talus,0
hyperechogenic,0
immunodeficiency_disorder,0
hydrops,1
xanthoma,0
intravenous_pyelogram,0
middle_constrictor_muscle,0
globus_pallidus,0
respiratory,1
ectopic,5
developmental,0
basion,0
fasciitis,0
umbilical_artery,0
articular_surface,0
height,0
abdominal,1
interventional_radiology,0
split,0
lumbosacral_spine,0
upper_extremity,0
l1,0
lateral_meniscus,0
mitral_valve_prolapse,0
sacral_promontory,0
pectus,0
persistent_fetal_circulation,0
spinal_cord,0
diagnostic_imaging,0
vesicoureteral_reflux,0
intrapleural,0
optic_neuritis,0
_andrew_poznanski,0
oblique_projection,0
jagged,0
bronchial_tree,0
interosseous_membrane,0
flap_tear,0
thoracic_aorta,0
bending,0
pituitary_fossa,0
atrophic,0
oral_contrast,0
avulsion_fracture,0
wound,0
scaphoid,0
orogastric_tube,0
pyloromyotomy,0
left_latissimus_dorsi,0
growth_plate,0
malalignment,0
patent_ductus_arteriosus,0
dyskinesia,0
humeral_head,0
melorheostosis,0
ankle_joint,0
thyrocervical_trunk,0
carcinoma_in_situ,0
black,0
symphysis_pubis,0
morphology,0
leptomeningeal,0
apert_syndrome,0
pituitary_macroadenoma,0
vp_shunt,0
acromioclavicular_joint,0
subsegmental,0
spherical,3
aortic_dissection,0
german,0
right_renal_artery,0
retinaculum,0
periostitis,0
enchondroma,0
gastric_mucosa,0
collapsed,0
abnormal_accumulation_of_fluid,0
petrous,0
neuropathy,0
fat_pad_sign,0
object,0
vasculitis,0
mediastinal_space,0
main_pancreatic_duct,0
nasogastric,0
osteophyte,0
bullet,0
scintigraphy,0
cecostomy,0
giant_cell_arteritis,0
side_anastomosis,0
deviated,2
psoriatic_arthritis,0
t2_hyperintense,0
large_bowel,0
brain_surface,0
osteosclerosis,0
penile_urethra,0
consolidation,0
anterolateral,0
subcapsular,0
right_lobe_of_liver,2
klein,0
splenic_artery,0
lamina_propria,0
tibial_epiphysis,0
elbow,0
pneumomediastinum,0
primary_sclerosing_cholangitis,0
biliary_tract,0
biliary_dilatation,0
through,0
anterior_chest_wall,0
patent,0
portal_vein,0
tibial_diaphysis,0
venous_plexus,0
flexion,0
cavitary,0
rectal,0
right_renal_cortex,0
coronary_artery,0
pyeloplasty,0
adrenal_medulla,0
jejunum,0
right_cochlear_nerve,0
intrauterine,0
medial_rotation,0
heterotopic_ossification,0
vascular_flow,5
buttock,0
turricephaly,0
protuberance,0
opened,0
c_sign,0
ejaculatory_duct,0
eccentric,0
vasoconstriction,0
posterior,3
lateral_decubitus,0
colon,0
radiolucent,0
claw_sign,0
left_patella,0
parenchyma,9
traction_bronchiectasis,0
septomarginal_trabecula,0
parotid_glands,0
diarrhea,0
hyperperfusion,0
bloody,0
c5_vertebral_body,0
ductal,0
ascending,0
infrahyoid_neck,0
venous_system,0
cystadenoma,0
descending_colon,0
osgood,0
distal_pole_of_scaphoid,0
belly,0
increasing,0
possibly,1
shape,3
right_testis,0
demineralized_bone_matrix,0
solid_pseudopapillary_neoplasm,0
aggressive,0
inadequate,0
adamantinoma,0
radiofrequency_ablation,0
intravitreal,0
elongated,0
genetic,0
serous_cystadenoma,0
paresis,0
possible,7
arterial_phase,0
mediastinum,0
compartment_syndrome,0
fibroelastosis,0
breast,0
angular,0
99m_pertechnetate,0
epidural_space,0
urethral_stenosis,0
tumor_board_pathology_slides,0
intramuscular_lipoma,0
insertion,0
fovea_ethmoidalis,0
origin,3
valgus_deformity,0
polyostotic_fibrous_dysplasia,0
protein,0
low_signal_intensity,0
mixed,1
hereditary_multiple_exostoses,0
sphenopalatine_foramen,0
spleen,0
colon_wall,0
metabolism,0
diagnose,0
chondrodysplasia,0
intracerebral,0
retrograde,0
renal_vein,0
osteoarthrosis,0
gastritis,0
pneumocephalus,0
si_joints,0
pyelonephritis,0
laryngeal,0
talonavicular_joint,0
t8_vertebra,0
myelomalacia,0
right_paratracheal_stripe,0
ileus,0
lamina_papyracea,0
nasal_septum,0
thumb,0
dilatation,0
arachnoid_cyst,0
inflammatory_pseudotumor,0
third_trimester,0
cornea,0
left_occipital_lobe,0
ectopic_gastric_mucosa,0
chondromyxoid_fibroma,0
descending,0
lymphangioleiomyomatosis,0
lymphoid_hyperplasia,0
digit,0
right_lower_lobe,0
right_coronary_sinus,0
carpal_joint,0
ace_inhibitor,0
cervical_vertebral_column,0
global,0
perirenal_space,0
location,2
porto,0
ductal_dilatation,0
intestine,0
hutch_diverticulum,0
eustachian_tube,0
enteritis,0
thoracic_vertebral_body,0
gastrectomy,0
transvaginal,0
neurofibroma,0
brain,0
ileocecal_valve,0
synovia,0
corpus_striatum,0
kaposiform_hemangioendothelioma,0
otitis_media,0
dermoid,0
enlargement,9
ranula,0
persistent_left_superior_vena_cava,0
crossed,0
calculus,4
great_toe,0
pauciarticular,0
metatarsal,0
axillary_vein,0
multilobulated,0
intrathoracic,0
superior_angle_of_scapula,0
spherical_mass,0
detached,0
congenital_disorder,0
tubular,0
pulmonary_hilum,0
processus,2
enteropathy,0
tuberculosis,0
urine,0
submandibular_gland,0
av_fistula,0
ilium,0
moderately_high,0
pseudocapsule,0
media_layer,0
brachycephaly,0
synchondrosis,0
straight_sinus,0
leukemia,0
vesicostomy,0
falciform_ligament,0
mesothelioma,0
growth_retardation,0
masticator_space,0
lymphoma,4
pulvinar,0
infantile_hemangioma,0
appendix,42
rosai,0
abnormal,3
lung_mass,0
sphincter,0
plexiform_neurofibroma,0
degenerative_disease,0
foreign_object,0
internal_iliac_artery,0
hyperdense,0
voiding,0
complex,13
denervation,0
transfusional_siderosis,0
folds,0
arterial_vessel,0
thin_rim,0
cavernous_hemangioma,0
arteriography,0
left_anterior_oblique,0
venous_angioma,0
vessel,2
gerota_fascia,0
sphenoid_bone,0
osteomalacia,0
fetus,1
metastasis,0
mucosa,0
fully,0
keratin,0
spondylitis,0
mandibular_fossa,0
malignant_otitis_externa,0
enlarged_liver,0
architectural_distortion,0
thinned,0
localization,0
lumbar_region,0
ankle_fracture,0
bone_marrow,0
tension_pneumothorax,0
articular_disc,0
macroscopic,0
wilms_tumor,0
extracranial,0
lymphadenitis,0
symmetry,0
spinal_fusion,0
depth,0
perthes_disease,0
hilar_lymph_node,0
azygos_vein,0
length,1
lithium,0
left_atrium,0
retention,0
atrophy,0
thigh,0
urology_movie,0
count,0
first_toe,0
growth_arrest,0
interpeduncular_fossa,0
liver,2
left_renal_vein,0
tumor_board_presentation_and_discussion,0
left_portal_vein,0
paraspinal,0
occluded,0
demyelinating_disease,0
diagnostic,4
peripheral_intravenous_central_catheter,0
right_thalamus,0
body_wall,0
celiac_artery,0
pectoralis_minor_tendon,0
scurvy,0
medullary_pyramids,0
bronchocentric,0
cerebrovascular_disease,0
pubis,0
bone_fragment,0
right_submandibular_gland,0
extracorporeal,0
endothoracic,0
ebstein_anomaly,0
unicameral_bone_cyst,0
supracondylar_process,0
circular_mass,1
temporary,0
nephroureterectomy,0
right_optic_nerve,0
gallbladder,2
fallen_fragment_sign,0
barium_enema,0
fluid,28
diabetes,0
mucocutaneous_lymph_node_syndrome,0
low_grade,2
hemorrhagic,17
falx_cerebri,0
aphthous,0
enhancing,3
widened,0
right_ureter,0
_andrea_watson,0
entrapment_syndrome,0
trichobezoar,0
t6_vertebral_body,0
arthro,0
synovium,0
avulsion,0
herniation,0
infantile_hemangioendothelioma,0
subchondral_bone,0
saccular_aneurysm,0
right_middle_lobe,0
hemangioendothelioma,0
gland,0
arc_of_riolan,0
a_ring,2
cranial_suture,0
avascular_necrosis,0
tricks,0
ligamentum_teres,0
enzyme,0
pisiform,0
medullary_canal,0
ganglion,0
sagittal,0
glottis,0
arteriovenous_fistula,0
hygroma,0
diuretic,0
pneumoperitoneum,0
distention,6
polyarteritis_nodosa,0
sphenoid_sinus,0
superior_mediastinum,0
muscle,0
hypoechogenic,0
radial_tuberosity,0
epicondyle,0
viral_infection,0
endometritis,0
aortic_arch,0
osteoporosis,0
patella_alta,0
pyloric_canal,0
column_of_bertin,0
carcinoid,0
left_main_coronary_artery,0
palate,0
posterior_rib,0
nephron,0
waist,0
capitate,0
fever,12
tricuspid_valve,0
basal,0
decreased_in_height,0
circumaortic,0
internal_mammary_artery,0
concave,0
patellofemoral_joint,0
ascites,0
coronary_sinus,0
transplant_lymphoproliferative_disorder,0
lateral,2
cysticercosis,0
degenerated,0
posterior_longitudinal_ligament,0
pilocytic_astrocytoma,0
ng_tube,0
retroflexed,0
stress_fracture,0
cavernous,0
width,0
bronchovascular,0
hepatic_artery,0
plasmacytoma,0
bezoar,0
symphysis,0
mediastinal_lymph_node,0
knee_region,0
forebrain,0
negative_ulnar_variance,0
osteonecrosis,0
typical,4
lesser_omentum,0
urachus,0
cortex,0
facet,0
midfoot,0
capillary_malformation,0
hypertrophic_pyloric_stenosis,0
sciatic_nerve,0
bowed,0
mucus,0
diffusion_weighted,0
intrabronchial,0
double_bubble_sign,0
suprasellar_cistern,0
left_lesser_trochanter,0
third_ventricle,0
urinary_bladder_wall,0
urethra,0
femoroacetabular_impingement,0
pneumatosis_intestinalis,0
osteosarcoma,0
dynamic,0
calcified,0
urgent,2
colloid_cyst,0
vasculature,0
condyle,0
yellow,0
fat_deposition,0
membrane,0
waters_view,0
bile_ducts,0
branching,0
mesenteric_lymph_nodes,0
high_signal_intensity,0
nonenhancing,0
ppt,0
sitting_position,0
posteromedial,0
bathrocephaly,0
trabecula,0
mucous_membrane,0
doughnut_sign,0
circumference,0
congenital_diaphragmatic_hernia,0
right_upper_lobe,0
certain,0
arrhythmogenic_right_ventricular_dysplasia,0
synovial_membrane,0
pseudocyst,1
gastric_outlet_obstruction,0
iliac_wing,0
oval_mass,1
retinal_detachment,0
external_genitalia,0
testicular_cancer,0
internal_carotid_artery,0
gastroesophageal_reflux,0
intraductal,0
sialolithiasis,0
body_of_epididymis,0
thumbprinting,0
sac,0
parosteal_osteosarcoma,0
teardrop_fracture,0
congestion,4
diastasis,0
fifth_metatarsal,0
right_adrenal_gland,0
obstructed,0
neurovascular_bundle,0
improved,0
styloid,0
latin,0
choriocarcinoma,0
multicystic_dysplasia,0
inflammation,0
scalp,0
sarcoidosis,0
semilobar,0
figure_3_sign,0
more_than_5,0
digits,0
lateral_ventricle,0
trigeminal_nerve,0
blunted,0
ampulla_of_vater,0
ankle_mortise,0
ventral,0
hyperemia,11
prone,0
echo_imaging,0
pleural_space,0
right_cerebral_white_matter,0
naris,0
syphilis,0
chordoma,0
iliac_ala,0
left_nipple,0
fatigue,0
pelvic_floor,0
air_embolism,0
sagittal_suture,0
delta_sign,0
epigastrium,0
weber_syndrome,0
brainstem,0
white_matter,0
subclavian_vein,0
metaphysis,0
left_tibia,0
fecolith,0
sclerosing,0
percutaneous,0
helical_ct,0
acute,51
ingested_food,0
right_thyroid_lobe,0
phase,3
enthesophyte,0
acquired,0
hydrogen,0
endotracheal_tube,0
cerebrum,0
heterogenous,9
inflammatory_myofibroblastic_tumor,0
perforating_arteries,0
follow_through,0
osteochondrosis_dissecans,0
echo_planar,0
anal_canal,0
pneumothorax,0
purulent,0
left_ureter,0
foramen_of_monro,0
torticollis,0
pylorospasm,0
carcinomatosis,0
septae,0
clear,2
patchy,0
hyperintense,0
porencephaly,0
sinding,0
squamous_cell_carcinoma,0
moderator_band,0
stirrup,0
right_atrial_appendage,0
thyroid,0
vascular_disease,0
epithelium_of_choroid_plexus,0
unremarkable,0
adenocarcinoma,0
tibial_tuberosity,0
major,0
hyperparathyroidism,0
soft_tissue,0
acromion,0
sagittal_plane,0
deviation,1
suppurative_thyroiditis,0
orbit,0
left_lower_lobe,0
multilocular_cystic_renal_tumor,0
perihilar,0
feeding_tube,0
kernicterus,0
aggressive_fibromatosis,0
series_5d_movie,0
spondylolysis,0
core_needle,0
celiac_sprue,0
ventilation,0
nodular,0
knee_joint,0
medial,0
coats_disease,0
common_hepatic_duct,0
eosinophilic_granuloma,0
shrunken,0
dehiscence,0
acroosteolysis,0
instability,0
foramen_of_morgagni,0
intervertebral_foramen,0
rupture,3
retroperitoneal_lymph_node,0
paracolic_gutter,0
left_side,0
alobar_holoprosencephaly,0
regression,0
uhl_anomaly,0
hereditary,0
tracheobronchial_tree,0
cough,0
thoracolumbar_spine,0
infratentorial,0
syndromic,0
imaging_technique,0
vastus_medialis,0
right_hepatic_artery,0
eaten,0
comparison,2
voiding_cystourethrography,0
chondroblastoma,0
ventral_duct,0
diploic_space,0
torsion,286
milk_of_calcium,0
tuberous_sclerosis,0
nonossifying_fibroma,0
jones_fracture,0
rectal_contrast,0
total_colectomy,0
cervix,0
nasal_glioma,0
scimitar_sign,0
retroperitoneal_fibrosis,0
hemispheric,0
tetralogy_of_fallot,0
thoracolumbar_junction,0
hematogenous_spread,0
intermediate,0
congenital_hepatic_fibrosis,0
symmetrical,0
second_finger,0
ependymal_cyst,0
pupil,0
sprain,0
volume,4
malabsorption,0
anterior_abdominal_wall_musculature,0
fat,0
tonsillar_fossa,0
left_middle_cerebral_artery,0
present,19
fossa_ovalis,0
stratified_squamous_epithelium,0
hemolytic_uremic_syndrome,0
vertical,0
viability,4
norwood_procedure,0
t11_vertebral_body,0
hyperplasia,0
ventricular_septal_defect,0
bone_cyst,0
innominate_artery,0
portal_hypertension,0
ventriculostomy,0
monitored,0
brittle_bone_disease,0
gastric_antrum,0
distal,9
delayed_phase,0
c3_vertebral_body,0
rhabdomyoma,0
dorsum,0
paraganglioma,0
fifth_finger,0
spinal_stenosis,0
thyroiditis,0
puckered,0
semicircular_canal,0
contour,0
perivesical_space,0
hemidiaphragm,0
acute_tubular_necrosis,0
suprahyoid_neck,0
langerhans_cell_histiocytosis,0
osteochondritis_dissecans,0
tractography,0
thalamus,0
amnion,0
optic_chiasm,0
distal_humerus,0
gd,0
osteopenia,0
section,0
surgery,7
achilles_tendon,0
permanent,0
sliding,1
third_digit,0
upper_lobe_bronchus,0
screening,5
pectoralis_major_muscle,0
tenosynovitis,0
turner_syndrome,0
adolescent,3
metacarpal_joint,0
lining,0
neoplasia,0
colostomy,0
left_atrial_appendage,0
c2,0
intussusception,0
myocarditis,0
right_renal_parenchyma,0
foraminal,0
valsalva_maneuver,0
siwe_disease,0
hyperinflated,0
transverse,0
adenoma,0
intra,1
pleomorphic_adenoma,0
trapezium,0
subclavian_artery,0
chronic,5
lower_lip,0
choroid_plexus_papilloma,0
adequate,0
extensor_digitorum,0
right_side_of_thorax,0
ankylosing_spondylitis,0
distal_radioulnar_joint,0
exophytic,0
dural_ectasia,0
chronic_recurrent_multifocal_osteomyelitis,0
left_adrenal_gland,0
spinal_epidural_space,0
crossed_ectopia,0
spectroscopy,0
brachiocephalic_vein,0
gestation,1
centrilobular,0
cerebral_aqueduct,0
skull,0
nephroblastoma,0
magnesium,0
common_bile_duct,1
persistent,0
tarsometatarsal_joint,0
puncture,0
hypoinflated,0
feeding_arteries,0
moyamoya_disease,0
disease_spread,0
uterine_cervix,0
caffey_disease,0
gliosis,0
posterior_acoustic_enhancement,0
psoriasis,0
myelitis,0
lower_extremities,0
cheek,0
right_knee,0
straining,0
invasive,0
fecalith,0
tip_of_the_iceberg_sign,0
bronchography,0
septic_arthritis,0
left,0
dorsal,0
collar_sign,0
esophagography,0
median_nerve,0
perilobar,0
tibial_plafond,0
developmental_venous_anomaly,0
anterior_scalene_muscle,0
external_carotid_artery,0
arachnoid_granulation,0
lymphatic_chain,0
watershed,0
yolk_sac_tumor,0
cholesteatoma,0
hepatomegaly,0
angiodysplasia,0
rigler_sign,0
cartilaginous,0
pelvic_kidney,0
torus_fracture,0
cerebellopontine_angle,0
chest_tube,0
acl_tear,0
suspected,1
angle,0
mediastinitis,0
pressure,0
soft_tissue_density,0
disorder_of_neuronal_migration,0
manubrium_sterni,0
posterior_arch,0
inflamed,0
emissary_vein,0
cholecystitis,0
simplex,0
adnexa,6
sacroiliac_joints,0
adenoid,0
invaginated,0
periosteum,0
trabeculation,0
normal_variant,0
bronchiectasis,0
myocardial_infarction,0
imaging_plane,0
malignant,0
dysgenesis,0
sural_nerve,0
neurofibromatosis,0
orchiopexy,4
polygonal,0
tubular_artery_sign,0
filum_terminale,0
collateral,0
bulbar_urethra,0
ischemic_heart_disease,0
coronary_arteries,0
scrotum,21
cricopharyngeus,0
synovitis,0
sustentaculum_tali,0
reflux_nephropathy,0
lesser_sac,0
left_precentral_gyrus,0
distraction,0
anterior_cruciate_ligament,0
balloon,0
retroverted,0
upper_lip,0
vitreous_chamber,0
retrieval,0
arterial_trunk,0
ganglion_cyst,0
corpus_luteum,1
glass_opacity,0
abdominal_vasculature,0
posterior_cruciate_ligament,0
stable,0
right_femur,0
foramen,0
low_attenuation,0
choanal_atresia,0
craniopharyngioma,0
adenomatous,0
parietal_bone,0
johansson_disease,0
epiglottis,0
hypopharynx,0
pterygopalatine_fossa,0
hyperthyroidism,0
giant_cell_tumor,0
capillary_hemangioma,0
interstitial_fibrosis,0
indeterminate,0
triphasic,0
expansile,0
isodense,0
patella,0
click_here_for_tumor_board_presentation,0
rubella,0
upper_gastrointestinal_tract,0
compression_fracture,0
infiltrative,0
familial_dysautonomia,0
fibrous_histiocytoma,0
right_portal_vein,0
main_pulmonary_artery,0
cardiomyopathy,0
inferior_mesenteric_artery,0
intrahepatic_biliary_tree,0
perforation,1
parietal_region,0
anterior_tibial_artery,0
pendulous_urethra,0
dural_venous_sinus,0
malignant_schwannoma,0
cor_pulmonale,0
lipohemarthrosis,0
persistent_trigeminal_artery,0
clinical_finding,0
meconium_peritonitis,0
left_lung,0
proximal_epiphysis,0
pregnant,0
avascular,3
steeple_sign,0
isointense,0
quantitation,0
postoperative,0
microscopic,0
right_c,0
ultrasound,50
gaseous,0
levoscoliosis,0
aortic_valve,0
carotid_space,0
laparoscopic,1
coronal_plane,0
arcuate_ligament_syndrome,0
urinary_system,0
nerve_root,0
honeycombing,0
christian_disease,0
detachment,0
triangular_fibrocartilage_disc,0
sponge,0
discharge,0
pulmonary_alveolar_proteinosis,0
extension,0
potassium,0
choroid_plexus_cyst,0
tracheostomy_tube,0
coarse,0
circular,0
embolic_material,0
ethmoid,0
right_motor_cortex,0
bicornuate_uterus,0
catheter,0
cystic_hygroma,0
hymen,0
obesity,0
ulcerative_colitis,0
thoracic_duct,0
anterior_abdominal_wall,0
articular_facet,0
lateral_projection,0
mesentery,0
blood_vessel,0
sternum,0
subtotal,0
diastrophic_dwarfism,0
inguinal_hernia,5
obturator_foramen,0
sartorius_muscle,0
lymphatic_malformation,0
common_iliac_vein,0
ureteropelvic_junction,0
hyperenhancing,0
hematuria,0
concentration,0
peripheral_nervous_system,0
pulmonary_sling,0
superficial,0
marked,1
after,17
separation,0
adrenals,0
thorax,0
shaped,0
several,3
nasolacrimal_duct,0
medical_renal_disease,0
anterosuperior_iliac_spine,0
bronchus_intermedius,0
lumbosacral_junction,0
gallium,0
collagenous,0
hyperplastic,0
mucoepidermoid_carcinoma,0
ischial_tuberosity,0
flank,0
acquisition,0
chiari,0
giant,0
malgaigne_fracture,0
cord_sign,0
interscalene_triangle,0
brodie_abscess,0
calvarium,0
cortical,1
morison_pouch,0
tendon,0
intratubular,0
enterectomy,0
ankylosis,0
diaphragmatic_hernia,0
high_density,0
patency,0
pancreatic_head,0
metacarpal_bone,0
fat_containing,0
embolization,0
mobile,3
vascular_calcification,0
gastroduodenal_junction,0
rim_calcification,0
consolidated,0
thin_sclerotic,0
thrombolysis,0
premature,1
uncomplicated,0
corticospinal_tract,0
inner_ear,0
systemic_vein,0
extremities,0
stasis,0
dislocated,0
pneumo,0
neurogenic_pulmonary_edema,0
meniscofemoral_ligament,0
distance,0
encephalitis,0
intertarsal,0
sphenoid,0
meconium_plug,0
brain_damage,0
substantia_nigra,0
atrial_septal_defect,0
maxillary_artery,0
constrictive_pericarditis,0
hypothermia,0
hypospadias_repair,0
synthetic_material,0
ganglioneuroma,0
subcortical,0
dilated,0
developmental_disorder,0
kyphosis,0
calcium,0
s_sign,0
thoracic_spine,0
internal_rotation,0
middle_ear,0
cellulitis,0
plateau,0
soluble_contrast,0
hypertrophic_osteoarthropathy,0
hemochromatosis,0
fourth_toe,0
cardiac_transplantation,0
suggestive,5
contents,0
solid,6
arterio,0
moderate,0
aortopulmonary_window,0
enteroclysis,0
patient_in,0
mental_retardation,0
bronchiolectasis,0
proximal_humerus,0
fluoroscopic,0
lymphoid_tissue,0
pregnancy,4
intraventricular,0
gradient_echo,0
periventricular,0
cholelithiasis,0
maximum_intensity_projection,0
partial_anomalous_pulmonary_venous_drainage,0
esophagitis,0
plagiocephaly,0
epiploic_appendagitis,0
congestive_heart_failure,0
aortic,0
hippocampus,0
myelopathy,0
bladder_dome,0
testicle,62
ovarian_artery,2
repetitive,0
bleeding,0
uvula,0
ninth,0
optic_disc,0
cancer,1
reflux,0
didelphys_uterus,0
intracardiac,0
juvenile_rheumatoid_arthritis,0
fornix,0
pre_contrast,0
papillary_necrosis,0
cranium,0
septum_pellucidum,0
defined_margin,0
fibrosarcoma,0
articular,0
ectatic,0
interstitial,0
left_lower_lobe_bronchus,0
lymphangiomatosis,0
thoracic_outlet_syndrome,0
embryonal_sarcoma,0
kyphoscoliosis,0
femoral_condyle,0
severe,4
tinnitus,0
greater_saphenous_vein,0
right_lower_quadrant,7
sublingual,0
glenoid_fossa,0
thoracic_outlet,0
submandibular_space,0
multifocal,0
real,1
superior_medullary_velum,0
discitis,0
white,0
intramuscular,0
l3_vertebra,0
dorfman_disease,0
ureteral_orifice,0
vaginal_delivery,0
transverse_colon,0
compression,0
sinotubular_junction,0
full,0
peripheral_nerve,0
completed,0
lingual_thyroid,0
right_nipple,0
occipital_bone,0
rhabdoid_tumor,0
meniscal_fragment,0
tonsillitis,0
picc_line,0
cartilage_defect,0
penetrating_injury,0
sweat,0
deposition,0
left_thalamus,0
cochlear_nerve,0
drain,0
petrous_bone,0
iliotibial_tract,0
granulomatous_disease,0
gastric_carcinoma,0
renal_pyramids,0
modiolus,0
contiguous,0
coalescent,0
osteoarthritis,0
glass,0
inflammatory_bowel_disease,0
sigmoid_volvulus,0
cardiac_gating,0
pacemaker,0
chemoembolization,0
malposition,0
prolapsed,0
posterior_acoustic_shadowing,0
left_ventricle,0
menopausal,0
entero,0
cholangiopancreatography,0
angiography,0
sitting,0
first,5
intravesical,0
urinary_bladder,0
stress,0
hamartoma,0
malignant_neoplasm,0
misalignment,0
right_middle_cerebral_artery,0
osteogenesis_imperfecta,0
stimulation,0
radiation_dose,0
bilobed,0
eyebrow,0
tethered,0
sonography,14
enhancement,4
skeleton,0
polyp,0
humerus,0
worsening,0
sarcoma,0
growth,1
imaging_procedure,0
hyperechoic,4
physis,0
osseous_shaft,0
gall_bladder,0
inverted,0
glenoid,0
thrombosis,0
innumerable,0
veno,0
rim_enhancement,0
hyperacute,0
function,5
communicating_hydrocephalus,0
vault_of_nasopharynx,0
spiculated,0
quadrant,2
endopyelotomy,0
medial_patellar_retinaculum,0
adipose_tissue,0
ureteropelvic_junction_obstruction,0
maffucci_syndrome,0
diffuse_enhancement,0
colonic_resection,0
heterogeneous,14
right_hepatic_vein,0
calcaneus,0
adenopathy,0
compact_bone,0
iliac_crest,0
intraocular,0
coccyx,0
superior_vena_cava,0
bowing_fracture,0
first_cuneiform,0
ileocecal_junction,0
bladder_base,0
intracortical_osteosarcoma,0
incidental_finding,0
fibrocartilage,0
basis,0
sialadenitis,0
attenuation,0
time,1
right_coronary_artery,0
allergy,0
umbilical_cord,0
cirrhosis,0
tuber,0
microcalcifications,0
reflux_esophagitis,0
epiphyseal_plate,0
bronchitis,0
invasion,0
short_axis,0
left_lower_quadrant,4
thinning,0
stenosis,0
cholangitis,0
ill,0
lumbar_puncture,0
lower_anterior_abdominal_wall,0
venous_congestion,0
eventration,0
superior_oblique_muscle,0
stromal_tumor,0
mcburney_point,0
unstable,0
hallux,0
retrograde_flow,0
epidural_hematoma,0
ischium,0
flow_void,0
thyroid_gland,0
extremity,0
ventricular_septum,0
pyramids,0
bronchus,0
endoscopy,0
transplantation,0
central_venous_catheter,0
shunt_catheter,0
tumor,24
lobulated_mass,0
renal_tubule,0
pseudotumor_cerebri,0
corona_radiata,0
brachium_pontis,0
football_sign,0
aplasia,0
endovascular_coil,0
nephrostomy,0
psoas_muscle,0
croup,0
coalition,0
hyperextension,0
prostatic_urethra,0
c1,0
left_temporal_lobe,0
ulcer,0
adhesive,0
fossa_navicularis,0
mouth,0
pulmonary_arteries,0
contracted,0
intramedullary,0
male_breast,0
salivary_gland,0
cranial_nerve,0
pathology_slides_from_tumor_board,0
doppler,67
stone,0
fragmentation,0
crescent_sign,0
eighth,0
feces,0
female_external_genitalia,0
depressed,0
celiac_disease,0
cloud,0
long_axis,0
transverse_myelitis,0
scarring,0
popliteal_artery,0
rickets,0
irregular_mass,0
proximal_femurs,0
ge_junction,0
charcot_joint,0
thoracic_region,0
before,0
mucocele,0
circumscribed,1
intratumoral,0
piriform_sinus,0
clivus,0
pelvic_region,0
ascending_colon,0
medial_rectus_muscle,0
sessile,0
cerebral_hemiatrophy,0
de,0
stroke,0
hemolytic_anemia,0
neoplasm,1
abdominoplasty,0
silver,0
acetabulum,0
ethmoid_bone,0
hydrocephalus,0
davidoff,0
right_hemidiaphragm,0
carcinoma,0
supraclavicular_lymph_node,0
subphrenic_abscess,0
focus,4
omnipaque,0
pyramidal_tract,0
piriformis,0
echogenic,12
subpleural,0
triquetrum,0
left_lateral_chest_wall,0
surface,5
heterotopia,0
segmental,0
retinoblastoma,0
glenohumeral_joint,0
hyperextension_injury,0
hypersensitivity_angiitis,0
axillary_region,0
nephrolithiasis,0
angiosarcoma,0
fibular_head,0
gastric_tube,0
intercostal_space,0
right_caudate_nucleus,0
helix,0
irregular,2
hemarthrosis,0
pleomorphic_xanthoastrocytoma,0
gluteal,0
splint,0
valve,0
ovary,86
brachial_artery,0
urethral,0
dedifferentiated_chondrosarcoma,0
mediastinal_pleura,0
spinal_tuberculosis,0
distorted,0
suprapatellar_bursa,0
molar_tooth,0
tympanic_membrane,0
cystic,32
sacral_foramen,0
s_pouch,0
thin_section,0
right_flank,0
cardiovascular_complication,0
segond_fracture,0
medial_femoral_condyle,0
pelvis,14
retroperitoneum,0
nasal,0
bregma,0
omentum,1
encephalotrigeminal_angiomatosis,0
spinal_cord_compression,0
gastric_acid,0
triceps_brachii,0
rheumatoid_arthritis,0
internal_capsule,0
whirlpool_sign,5
kasabach,0
primary_biliary_cirrhosis,0
massa_intermedia,0
congenital_absence,0
motion_abnormality,0
transependymal,0
subarticular,0
duplication,0
neuropathic_joint,0
arthropathy,0
ap_view,0
extraocular_muscle,0
nerve,0
torso,0
ulcerated,0
right_tibial_metaphysis,0
frontal_lobe,0
varicose_vein,0
cerebral_cortex,0
pericarditis,0
process,0
schuller,0
headache,0
diaphragmatic_rupture,0
innominate_vein,0
larynx,0
increased_intracranial_pressure,0
coronal,1
arthrodesis,0
arthritis,0
straightened,0
humeral_metaphysis,0
displaced,2
neonatal,21
lumbar_vertebral_body,0
taylor,0
s1_segment,0
pneumatosis,0
sinusitis,0
orbits,0
coarctation_of_aorta,0
testis,122
ureteral,2
third,2
minimum,0
atlanto,0
transferred,4
ct_halo_sign,0
meninges,0
cloverleaf_skull,0
mesoblastic_nephroma,0
ureterocele,0
spermatic_cord,42
diffuse_axonal_injury,0
lateral_malleolus,0
pachymeningitis,0
rapid,0
transitional_cell_carcinoma,0
midline,4
benign_mixed_tumor,0
pneumonitis,0
callous,0
nervous_system,0
multiple_myeloma,0
microcirculation,0
tibiofemoral_joint,0
ulnar_deviation,0
measure,0
hibernoma,0
c4,0
demineralization,0
bowel,0
morbidity,0
impingement,0
cord_compression,0
sublingual_space,0
mucinous_cystic_neoplasm,0
skeletal_dysplasia,0
t8_vertebral_body,0
lobular_mass,0
proximal_forearm,0
bursitis,0
iron_overload,0
polycythemia_vera,0
double,0
balloon_catheter,0
nasogastric_tube,0
external_ear,0
infiltrate,0
hyperintensity,0
catheter_angiography,0
temporal_lobe,0
spect,0
wandering_spleen,0
rett_syndrome,0
continuous,1
coarctation,0
traumatic_synovitis,0
fibromuscular_dysplasia,0
greenstick_fracture,0
arthritis_mutilans,0
artery,0
transverse_plane,0
edema,10
hindfoot,0
vastus_lateralis,0
proximal,0
telangiectatic_osteosarcoma,0
transperineal,0
adhesion,0
stent,0
ependyma,0
interlobular_septal_thickening,0
transducer,0
normal,65
augmentation,0
collapse,0
aortic_coarctation,0
nipple,0
harris_type_iii_fracture,0
ectopic_tissue,0
lateral_view,0
angioplasty,0
upper_gi,0
right_superior_frontal_gyrus,0
craniocervical_junction,0
low,0
elbow_joint,0
urinoma,1
left_anterior_descending_artery,0
epididymis,50
nasal_bones,0
conglomerate,0
bright,0
true_pelvis,0
feature,0
pancreas,0
upper_abdomen,0
skull_bones,0
hypodense,0
diffusion,0
csf_leak,0
pubic_symphysis,0
pulse_sequence,0
medullary_cavity,0
uterus_didelphys,0
asthma,0
harris_type_i_fracture,0
vestibular_aqueduct,0
t12_vertebral_body,0
distension,1
vascular_malformation,0
right_upper_quadrant,0
high_attenuation,0
scout_view,0
thyroid_cartilage,0
circle_of_willis,0
fused,0
internal_hernia,0
urolithiasis,0
technetium,0
splenium_of_corpus_callosum,0
right_occipital_lobe,0
midgut,0
varicocele,0
pleura,0
carcinoid_tumor,0
pituitary_gland,0
superficial_temporal_artery,0
washout,0
neonatal_small_left_colon_syndrome,0
ascending_aorta,0
tibiotalar_joint,0
middle,0
air_trapping,0
impaction,0
arterial_segment,0
eosinophilic_gastroenteritis,0
radial_nerve,0
renal_cortex,0
serosanguinous,0
minor_papilla,0
orbital_prosthesis,0
polyvinyl_alcohol,0
hypointense,0
limited,2
local_recurrence,0
blockage,0
right_ovary,11
fourth_ventricle,0
neutral_position,0
color,41
calcaneal_tuberosity,0
poorly_defined,0
hypothalamus,0
gliomatosis_cerebri,0
operative,0
pulmonary_veins,0
structure,24
dual_phase,0
jugular_foramen,0
meniscus,0
corpus_callosum,0
scleroderma,0
eosinophilic_pneumonia,0
telangiectasia,0
middle_hepatic_vein,0
sympathetic_ganglion,0
repair,0
flair,0
renal_cell_carcinoma,0
sinusoid,0
containing,0
takayasu_arteritis,0
tilted,0
chiari_malformation,0
histiocytosis,0
caliber,0
metabolic_disease,0
follow,0
additional_radiology_images_from_dr,0
fusion,0
infiltration,0
schlatter_disease,0
atria,0
intravenous_pyelography,0
extramural,0
liposarcoma,0
right_humerus,0
neuroenteric_cyst,0
core_needle_biopsy,0
subligamentous,0
small,29
spinning_top_urethra,0
atrium,0
soft_palate,0
echotexture,17
cerebellum,0
intimal_flap,0
foramen_ovale,0
renal_pelvis,0
late_onset,0
talar_dome,0
mastoiditis,0
cerebral_vein,0
proteinaceous,0
partial_volume_averaging,0
may_be,56
bucket_handle_tear,0
layered,0
right_lower_lobe_bronchus,0
hemangiomatosis,0
radiculopathy,0
seminoma,0
aortitis,0
clear_cell_sarcoma,0
trident_hand,0
globular,0
middle_scalene_muscle,0
hemipelvis,0
ascending_cholangitis,0
biliary_system,0
ostium,0
tuberculous_arthritis,0
congruent,0
venous_fistula,0
ground_glass,0
vocal_cord,0
single,0
bones,0
superior_sagittal_sinus,0
grouped,0
screen,0
meningoencephalitis,0
mayer,0
cardiac_gated,0
pseudoaneurysm,0
end_colostomy,0
right_ventricle,0
hemorrhage,13
intraoperative,0
undersurface,0
megaureter,0
trauma,5
lesion,4
dysembryoplastic_neuroepithelial_tumor,0
renal_hypertension,0
mature,0
aspiration,0
quadrigeminal_plate,0
medulla,0
pericardial_fat_pad,0
erosive_osteoarthritis,0
peritonitis,1
diastrophic_dysplasia,0
left_ovary,9
meningioma,0
hormone,0
airspace,0
translation,0
intercondylar_fossa,0
perpendicular,0
ligament_of_wrisberg,0
necrosis,11
morquio_syndrome,0
laryngotracheobronchitis,0
narrow,0
slipped_capital_femoral_epiphysis,0
metaplasia,0
iliac_arteries,0
reversible,0
tube_insertion,0
positive_ulnar_variance,0
op,2
dural,0
expansion,0
thoracic_wall,0
circumferential,0
right_hemithorax,0
pancreatitis,0
lacunar_skull,0
subcutaneous,0
necrotizing_enterocolitis,0
simple,3
upj_obstruction,0
phytobezoar,0
retention_cyst,0
cystectomy,0
short,0
magnetic_resonance_angiography,0
trapezius_muscle,0
reconstructed,0
middle_cerebellar_peduncle,0
isointensity,0
posterior_cervical_space,0
hydropneumoperitoneum,0
biliary_tree,0
l5_vertebral_body,0
lateral_tubercle,0
pleuritis,0
hydronephrosis,0
solid_organ,0
laparascopic,0
ossifying_fibroma,0
loose_body,0
central_nervous_system_neoplasm,0
unknown,2
noninvasive,0
cystic_duct,0
gluteus_medius_muscle,0
general_anesthesia,0
right_mammillary_body,0
high,0
ependymoma,0
chest_pain,0
maxillary_sinus,0
occlusion,0
lung_apex,0
stent_placement,0
submucosa,0
fifth_cervical_vertebra,0
lumbar_spine,0
systolic_flow,0
fat_saturation,0
pulmonary_vein,0
persistent_loop_sign,0
hypertrophic,0
venography,0
sternoclavicular_joints,0
cystic_fibrosis,0
infantile_myofibromatosis,0
bladder_mucosa,0
intracranial,0
duplication_cyst,2
attachment,3
external_auditory_canal,0
hyperkeratosis,0
renal_collecting_system,0
paraneoplastic_syndrome,0
focal_nodular_hyperplasia,0
angiofibroma,0
thoracentesis,0
obstructive_uropathy,0
enlarged,57
selective,0
posterior_pituitary,0
arthrography,0
t4_vertebral_body,0
surgical_procedure,0
uremia,0
leiomyosarcoma,0
septal_vein,0
cardiac_tamponade,0
absence_of_flow,3
neurogenic_bladder,0
ewing_sarcoma,0
click_here_for_the_tumor_board_presentation_and_discussion,0
prosthetic,0
contralateral,2
trabecular_bone,0
obstructive_hydrocephalus,0
upright,0
tuberosity,0
auricular,0
vein_of_galen,0
lymphatic_vessels,0
dysplasia,0
brachiocephalic_artery,0
pertussis,0
external_rotation,0
random,0
oropharynx,0
string_sign,0
fontanelle,0
echocardiogram,0
nostril,0
central_neurocytoma,0
dystrophic_calcification,0
spina_bifida,0
subserosa,0
left_kidney,0
shaft_of_tibia,0
pelvic_inflammatory_disease,2
flexion_deformity,0
protocol,0
lissencephaly,0
absent,20
anterior_mediastinum,0
umbilical_hernia,0
small_finger,0
pediatric,5
blalock,0
bone_grafting,0
intervertebral_disc,0
debakey_type_iii,0
embolism,0
fetal_renal_hamartoma,0
increased,26
shoulder_sign,0
left_upper_quadrant,0
pigmented_villonodular_synovitis,0
prosthesis,0
left_scapular_body,0
tapvr,0
transfer,0
embryo,0
linear_enhancement,0
rheumatic_disease,0
cranial_nerve_iii,0
multiple,10
bone_age,0
high_grade,0
dextroscoliosis,0
posterior_descending_coronary_artery,0
skin_lesion,0
gadolinium,0
calve,0
renal_sinus,0
rotary_subluxation,0
aortic_root,0
femur,0
total_anomalous_pulmonary_venous_connection,0
hepatic_portal_vein,0
fibrous_dysplasia,0
right_atrium,0
mandible,0
neuroblastoma,0
collimator,0
iliac_fossa,0
proliferation,0
extensive,0
pick_disease,0
term,0
vaginal,0
right_lateral_chest_wall,0
arterial_switch,0
pseudarthrosis,0
meningitis,0
glenn_shunt,0
early_complication,0
bowing,0
temporal_pole,0
vertebral_endplate,0
right,47
meckel_diverticulum,0
upper,8
xiphoid_process,0
conventional_radiography,0
capillary,0
report,0
extraperitoneal,0
syndesmosis,0
ischemia,8
male_urethra,0
popliteal_fossa,0
hitchhiker_thumb,0
didelphys,0
linear,0
person,0
hypoplastic_left_heart_syndrome,0
symptom,0
intraduodenal,0
intraovarian,1
ankle,0
radiography,0
clinical_information,0
platysma,0
bland,0
taussig_shunt,0
pancreatic_duct,0
anterior_tibial_spine,0
medulloblastoma,0
human_body,0
medication,0
myometrium,0
radiopharmaceutical,0
clear_cell_chondrosarcoma,0
prostate_gland,0
left_lateral_decubitus,0
periosteal_osteosarcoma,0
complete,0
air_containing,0
apical,0
ruptured,0
curved,0
splenomegaly,0
anesthesia,0
cholecystectomy,0
host_disease,0
disorder_of_bone,0
atherectomy,0
fistula,0
gender,0
decreasing,0
anterior_ethmoid_air_cells,0
index_finger,0
ovaries,10
limited_evaluation,0
fibroblastic_meningioma,0
residual,0
dementia,0
lordosis,0
sclerotic,0
french,0
labyrinthitis,0
sympathetic_nervous_system,0
pyriform_sinus,0
minor_salivary_gland,0
cartilage,0
lateral_femoral_condyle,0
scalene_muscle,0
closed_loop_obstruction,0
aortic_stenosis,0
nodule,6
thyroglossal_duct_cyst,0
myelinolysis,0
celiac_axis,0
hypertension,0
pylorus,0
capsule,0
ulnar_nerve,0
follow_up,2
fluid_level,0
tubercle,0
enchondromatosis,0
left_coronary_artery,0
arachnoid_villus,0
cerebral_hemisphere,0
multiple_sclerosis,0
paralysis,0
basilar,0
pulmonary_hypertension,0
t9_vertebral_body,0
turbid,0
hiatal_hernia,0
artifact,0
villous_adenoma,0
common_duct,0
femoral_neck,0
occiput,0
trochlea,0
varices,0
lower_esophageal_sphincter,0
mesenchymal_chondrosarcoma,0
fallopian_tube,16
ribbon_ribs,0
donor,0
